date,actual_bdi_hsi,level_bdi_hsi,pred_bdi_hsi_persistence,pred_bdi_hsi_ridge,pred_bdi_hsi_xgboost,pred_bdi_hsi_lstm,actual_bdi_si,level_bdi_si,pred_bdi_si_persistence,pred_bdi_si_ridge,pred_bdi_si_xgboost,pred_bdi_si_lstm,actual_bdi_pi,level_bdi_pi,pred_bdi_pi_persistence,pred_bdi_pi_ridge,pred_bdi_pi_xgboost,pred_bdi_pi_lstm,actual_bdi_ci,level_bdi_ci,pred_bdi_ci_persistence,pred_bdi_ci_ridge,pred_bdi_ci_xgboost,pred_bdi_ci_lstm
2018-03-13,622.0,617.0,617.0,619.2303875185328,621.5725,626.5333,1061.0,1049.0,1049.0,1051.4750881296943,1057.2933,1054.9015,1623.0,1623.0,1623.0,1613.2547194228716,1613.0555,1504.2194,1312.0,1362.0,1362.0,1358.8258154370033,1309.459,1414.2295
2018-03-14,626.0,622.0,622.0,626.605677927532,627.0673,630.3092,1077.0,1061.0,1061.0,1067.88220306196,1062.4214,1066.9966,1619.0,1623.0,1623.0,1616.689559355989,1616.1721,1491.8884,1238.0,1312.0,1312.0,1311.0250157538512,1298.5428,1371.8967
2018-03-15,627.0,626.0,626.0,629.4541892497808,630.9779,634.1014,1091.0,1077.0,1077.0,1085.1635231070518,1079.435,1074.8357,1618.0,1619.0,1619.0,1610.2111164401465,1617.2085,1462.3467,1203.0,1238.0,1238.0,1257.1461649643527,1209.6345,1319.8083
2018-03-16,629.0,627.0,627.0,629.0684324732166,630.22034,632.3324,1099.0,1091.0,1091.0,1096.8132429985767,1102.0269,1078.7166,1621.0,1618.0,1618.0,1615.7980960032246,1616.2812,1449.1475,1171.0,1203.0,1203.0,1272.8593016467928,1208.3625,1296.9329
2018-03-19,630.0,629.0,629.0,631.9514004936945,633.67993,634.4127,1109.0,1099.0,1099.0,1101.6125292140318,1105.643,1080.4193,1615.0,1621.0,1621.0,1621.582793480603,1615.3275,1458.4846,1112.0,1171.0,1171.0,1196.539405299127,1171.4819,1281.0095
2018-03-20,634.0,630.0,630.0,632.8891560101646,633.69867,635.9662,1117.0,1109.0,1109.0,1111.9911830369017,1115.2585,1082.895,1606.0,1615.0,1615.0,1605.4546631310448,1608.5499,1434.9138,1109.0,1112.0,1112.0,1125.9940745512863,1070.7009,1223.3441
2018-03-21,639.0,634.0,634.0,637.9038037337198,639.38544,639.51166,1122.0,1117.0,1117.0,1121.7153656321536,1118.9554,1095.3422,1593.0,1606.0,1606.0,1594.3397519690511,1598.532,1414.4194,1129.0,1109.0,1109.0,1170.6672550703552,1132.3944,1238.0688
2018-03-22,641.0,639.0,639.0,642.5886165713562,643.54443,643.26215,1121.0,1122.0,1122.0,1123.7825334356055,1131.4352,1101.9358,1587.0,1593.0,1593.0,1576.907369835532,1587.6722,1390.6519,1157.0,1129.0,1129.0,1181.0291811417044,1157.1578,1258.7053
2018-03-23,645.0,641.0,641.0,643.5745363693452,643.41956,644.6397,1116.0,1121.0,1121.0,1119.3246049743195,1125.4551,1093.6665,1575.0,1587.0,1587.0,1576.623201543595,1577.1968,1384.9688,1197.0,1157.0,1157.0,1194.3343211415563,1179.4708,1269.6134
2018-03-26,648.0,645.0,645.0,648.2759335077764,644.05536,648.42084,1106.0,1116.0,1116.0,1113.9747204975224,1104.0939,1090.3672,1552.0,1575.0,1575.0,1555.6163884585503,1561.0032,1368.3333,1191.0,1197.0,1197.0,1217.750760518803,1269.4664,1291.2404
2018-03-27,650.0,648.0,648.0,650.766781237337,650.8892,649.32996,1093.0,1106.0,1106.0,1100.1756390245762,1097.555,1075.7194,1520.0,1552.0,1552.0,1522.1218169950075,1521.25,1338.0939,1065.0,1191.0,1191.0,1179.649134805985,1212.4932,1247.4255
2018-03-28,652.0,650.0,650.0,651.0171000757953,655.9443,649.9189,1080.0,1093.0,1093.0,1082.0941177556824,1080.9923,1051.0034,1495.0,1520.0,1520.0,1482.1697854323052,1485.485,1314.9509,1010.0,1065.0,1065.0,983.9157814828573,1016.4147,1095.2452
2018-03-29,650.0,652.0,652.0,652.2703410613811,655.7055,654.02203,1067.0,1080.0,1080.0,1069.7143010616294,1065.3066,1044.4966,1455.0,1495.0,1495.0,1472.310066963804,1472.5038,1299.8749,924.0,1010.0,1010.0,1038.1898835683355,987.11395,1070.1696
2018-04-03,648.0,650.0,650.0,647.8665511539045,651.7274,648.9334,1056.0,1067.0,1067.0,1051.8060674202006,1040.0807,1027.813,1397.0,1455.0,1455.0,1415.5740555747702,1397.8862,1276.9711,841.0,924.0,924.0,898.285064142072,870.8663,989.1408
2018-04-04,644.0,648.0,648.0,645.2994433674887,651.4482,644.68384,1042.0,1056.0,1056.0,1039.8794569867812,1032.1498,1017.4779,1343.0,1397.0,1397.0,1340.5077708873412,1342.5739,1221.4912,809.0,841.0,841.0,801.7025224448544,806.6925,956.51013
2018-04-05,643.0,644.0,644.0,639.5842167029798,640.8149,638.92377,1032.0,1042.0,1042.0,1024.0339809579073,1015.6547,1003.2568,1317.0,1343.0,1343.0,1298.1722753554748,1303.4819,1167.8119,824.0,809.0,809.0,839.6849329697395,798.96765,978.5735
2018-04-06,638.0,643.0,643.0,639.8558955125014,637.461,639.25226,1024.0,1032.0,1032.0,1022.5540951686696,1015.58057,999.95056,1315.0,1317.0,1317.0,1302.321263060614,1291.2933,1164.8428,854.0,824.0,824.0,897.2303955594008,880.752,1042.0261
2018-04-09,636.0,638.0,638.0,632.9055555004286,632.49316,637.1604,1016.0,1024.0,1024.0,1015.352159384724,1006.32275,988.6524,1319.0,1315.0,1315.0,1322.4079720968884,1307.4011,1186.2622,930.0,854.0,854.0,948.8382553729572,912.1438,1096.0034
2018-04-10,634.0,636.0,636.0,632.6068019701639,634.60925,640.48444,1014.0,1016.0,1016.0,1010.4845595545288,1005.23004,980.19226,1325.0,1319.0,1319.0,1326.4442432767908,1308.7593,1200.7924,940.0,930.0,930.0,1057.553944691224,1001.3007,1182.5587
2018-04-11,630.0,634.0,634.0,631.7744423109492,634.4365,635.82587,1014.0,1014.0,1014.0,1013.9619919033872,1012.6395,973.80493,1335.0,1325.0,1325.0,1331.490514990398,1318.3987,1216.3901,982.0,940.0,940.0,999.4860261193272,969.49384,1170.3596
2018-04-12,628.0,630.0,630.0,627.8671174941571,629.2098,637.22614,1013.0,1014.0,1014.0,1015.4245037967216,1016.1922,970.00476,1351.0,1335.0,1335.0,1346.925698185645,1343.1794,1209.2324,1038.0,982.0,982.0,1080.6413430857808,1030.2137,1232.2501
2018-04-13,626.0,628.0,628.0,626.6974606127411,624.2413,622.94977,1016.0,1013.0,1013.0,1016.2592636299516,1014.2824,966.21735,1359.0,1351.0,1351.0,1364.336288307745,1372.8336,1224.9253,1061.0,1038.0,1038.0,1148.874629582232,1101.9049,1248.7017
2018-04-16,626.0,626.0,626.0,625.9883826775122,624.69763,627.6586,1018.0,1016.0,1016.0,1020.664597551926,1017.1435,978.0984,1353.0,1359.0,1359.0,1363.027059855233,1363.3302,1223.167,1152.0,1061.0,1061.0,1120.5146795487594,1087.2737,1280.4731
2018-04-17,626.0,626.0,626.0,625.6515433834098,626.26843,625.28015,1022.0,1018.0,1018.0,1024.3160356060746,1018.98346,986.344,1329.0,1353.0,1353.0,1347.5652360600193,1351.7203,1208.224,1402.0,1152.0,1152.0,1281.1176703431684,1214.7112,1332.3496
2018-04-18,623.0,626.0,626.0,625.2442966809375,625.22064,625.8898,1022.0,1022.0,1022.0,1028.104968482461,1018.1746,996.8258,1306.0,1329.0,1329.0,1311.741770429452,1303.706,1164.5266,1668.0,1402.0,1402.0,1649.9977793952694,1559.9207,1567.0297
2018-04-19,621.0,623.0,623.0,621.2140171142186,621.39496,621.6194,1025.0,1022.0,1022.0,1020.9669190680174,1018.68994,994.2127,1289.0,1306.0,1306.0,1295.7323813007329,1279.1685,1127.6079,1915.0,1668.0,1668.0,1894.3668991556335,1835.1387,1803.3783
2018-04-20,621.0,621.0,621.0,620.4333134530049,617.5768,617.7603,1027.0,1025.0,1025.0,1027.162026471431,1019.1324,1003.30493,1281.0,1289.0,1289.0,1277.7179055549382,1271.5348,1128.3855,2009.0,1915.0,1915.0,2110.026996267048,2051.7283,2090.859
2018-04-23,617.0,621.0,621.0,621.9293969703865,619.84283,629.5419,1030.0,1027.0,1027.0,1028.4171483758662,1025.9542,1015.0448,1269.0,1281.0,1281.0,1276.733266623913,1285.8154,1141.2313,2130.0,2009.0,2009.0,2101.343872479679,2081.0017,2170.7107
2018-04-24,614.0,617.0,617.0,615.1703780677265,617.72577,633.7966,1037.0,1030.0,1030.0,1030.744999433587,1030.3107,1019.7584,1264.0,1269.0,1269.0,1262.9859955727024,1268.3225,1150.892,2314.0,2130.0,2130.0,2292.8542801931103,2272.715,2319.8735
2018-04-25,610.0,614.0,614.0,612.9594301997598,613.47595,634.2,1040.0,1037.0,1037.0,1042.6160609729093,1040.8494,1031.2937,1272.0,1264.0,1264.0,1270.1701626563984,1279.8619,1164.384,2306.0,2314.0,2314.0,2493.5214575892583,2520.0244,2550.219
2018-04-26,605.0,610.0,610.0,608.4391298195709,610.3824,631.56134,1042.0,1040.0,1040.0,1043.014424603493,1039.1111,1023.44275,1275.0,1272.0,1272.0,1285.5869636615394,1287.1047,1193.1796,2251.0,2306.0,2306.0,2374.82922671824,2363.984,2537.5876
2018-04-27,603.0,605.0,605.0,602.389613722441,605.2646,627.7835,1045.0,1042.0,1042.0,1042.2418394954716,1039.1462,1016.29626,1276.0,1275.0,1275.0,1278.9526357755908,1294.4661,1207.1962,2173.0,2251.0,2251.0,2289.99744084538,2270.2053,2462.6504
2018-04-30,601.0,603.0,603.0,601.7848132843196,600.5931,630.68665,1043.0,1045.0,1045.0,1047.1713595863207,1050.3627,1019.6852,1271.0,1276.0,1276.0,1279.5766747851744,1293.8208,1214.7012,2136.0,2173.0,2173.0,2196.397055495053,2157.8206,2337.212
2018-05-01,597.0,601.0,601.0,599.7293601473846,599.51685,627.24994,1043.0,1043.0,1043.0,1043.9195956174365,1034.2748,1014.34875,1271.0,1271.0,1271.0,1269.9726224017577,1282.5593,1208.2378,2197.0,2136.0,2136.0,2174.313253535761,2148.4531,2251.27
2018-05-02,591.0,597.0,597.0,595.0604594876609,589.5723,621.91205,1047.0,1043.0,1043.0,1044.590718474998,1038.1384,1013.98676,1266.0,1271.0,1271.0,1279.4713005226345,1285.5044,1211.7253,2308.0,2197.0,2197.0,2283.1011483572283,2279.749,2355.1682
2018-05-03,589.0,591.0,591.0,587.887319789834,586.6608,610.6215,1050.0,1047.0,1047.0,1048.7693497106225,1050.1699,1013.9794,1265.0,1266.0,1266.0,1267.8687844508008,1284.7948,1210.5682,2337.0,2308.0,2308.0,2412.094313322442,2521.8503,2486.87
2018-05-04,585.0,589.0,589.0,588.2295848731505,585.66174,611.1072,1051.0,1050.0,1050.0,1053.229539363994,1052.9446,1021.78143,1257.0,1265.0,1265.0,1268.129969185631,1286.0918,1222.1438,2482.0,2337.0,2337.0,2366.0442859395625,2411.0496,2475.0417
2018-05-08,585.0,585.0,585.0,583.303474150124,582.99524,608.0119,1048.0,1051.0,1051.0,1051.573402823309,1052.6877,1025.7535,1253.0,1257.0,1257.0,1258.70394100761,1262.3345,1212.3767,2616.0,2482.0,2482.0,2579.2173577903086,2628.5413,2602.8123
2018-05-09,584.0,585.0,585.0,585.5303384365349,581.78064,615.2201,1052.0,1048.0,1048.0,1054.0879132435743,1043.3141,1032.0011,1246.0,1253.0,1253.0,1259.796990074066,1256.999,1208.3969,2565.0,2616.0,2616.0,2710.769149833065,2754.4539,2706.221
2018-05-10,584.0,584.0,584.0,584.1730075782829,583.76337,603.19836,1053.0,1052.0,1052.0,1060.0993128329155,1058.1823,1027.8993,1245.0,1246.0,1246.0,1245.6148846544436,1250.1748,1200.8446,2630.0,2565.0,2565.0,2548.7873027049977,2553.5125,2598.483
2018-05-11,585.0,584.0,584.0,585.3685135471511,583.423,598.92633,1055.0,1053.0,1053.0,1058.1918517962165,1058.6006,1032.1924,1240.0,1245.0,1245.0,1251.0586490529424,1239.7275,1188.8291,2635.0,2630.0,2630.0,2688.951776751678,2711.0254,2650.5464
2018-05-14,586.0,585.0,585.0,587.0686060693066,584.1376,599.865,1053.0,1055.0,1055.0,1060.1264966254544,1061.3356,1036.2764,1237.0,1240.0,1240.0,1238.1293393293086,1239.7838,1177.8976,2602.0,2635.0,2635.0,2620.416971220626,2623.6343,2639.4924
2018-05-15,587.0,586.0,586.0,587.9753925613759,584.2061,601.213,1056.0,1053.0,1053.0,1054.8036124444873,1055.4526,1031.8147,1237.0,1237.0,1237.0,1237.1516569450744,1229.1674,1169.3451,2407.0,2602.0,2602.0,2573.541147229132,2555.3972,2594.8394
2018-05-16,589.0,587.0,587.0,588.772350138068,584.69354,602.8445,1064.0,1056.0,1056.0,1058.8465269432857,1061.7686,1029.2822,1239.0,1237.0,1237.0,1239.0791325371356,1230.6647,1182.8175,2106.0,2407.0,2407.0,2311.4910745886014,2347.3425,2395.5332
2018-05-17,590.0,589.0,589.0,592.1615630510905,585.5125,601.94635,1069.0,1064.0,1064.0,1071.3533221963871,1065.7991,1033.5814,1241.0,1239.0,1239.0,1243.9209471552194,1243.2056,1206.182,2053.0,2106.0,2106.0,1995.345897586115,2019.0488,2080.3184
2018-05-18,591.0,590.0,590.0,592.3422465561916,591.4483,599.485,1071.0,1069.0,1069.0,1074.7845162376616,1075.5039,1041.6024,1243.0,1241.0,1241.0,1248.6907726577124,1245.1815,1215.6816,1957.0,2053.0,2053.0,2090.4748538482754,2027.2393,2149.0286
2018-05-21,590.0,591.0,591.0,592.9033058577913,591.6965,602.5256,1074.0,1071.0,1071.0,1075.4166730891045,1084.3352,1043.425,1239.0,1243.0,1243.0,1251.110320904165,1244.113,1221.1653,1854.0,1957.0,1957.0,1929.7909420220208,1922.0425,2051.3398
2018-05-22,591.0,590.0,590.0,590.344797231023,590.68854,597.8216,1074.0,1074.0,1074.0,1077.4137368984648,1084.9979,1039.2852,1222.0,1239.0,1239.0,1240.929807089629,1239.9579,1213.8215,1759.0,1854.0,1854.0,1831.5754925036783,1815.9623,1923.835
2018-05-23,590.0,591.0,591.0,592.1554447202999,591.4233,599.31714,1074.0,1074.0,1074.0,1077.4436372424188,1083.9904,1041.5077,1202.0,1222.0,1222.0,1212.0085100097897,1201.5232,1168.6973,1551.0,1759.0,1759.0,1727.803210834397,1695.8636,1784.7565
2018-05-24,587.0,590.0,590.0,589.7176734233288,589.88184,592.30554,1071.0,1074.0,1074.0,1074.60236668312,1084.5084,1031.4095,1187.0,1202.0,1202.0,1189.1362005062017,1186.1783,1134.6464,1395.0,1551.0,1551.0,1469.9670108731557,1486.6,1468.7875
2018-05-25,586.0,587.0,587.0,585.586177926321,583.7807,588.76965,1068.0,1071.0,1071.0,1069.204062983251,1077.9468,1025.4318,1163.0,1187.0,1187.0,1178.9889674952597,1166.5686,1117.7168,1324.0,1395.0,1395.0,1359.563516572452,1323.8777,1341.1458
2018-05-29,584.0,586.0,586.0,585.067421720436,582.27155,587.09973,1064.0,1068.0,1068.0,1066.647822665337,1076.3334,1025.8796,1149.0,1163.0,1163.0,1142.3704807519798,1150.8799,1096.1835,1276.0,1324.0,1324.0,1311.847063612387,1277.7363,1325.543
2018-05-30,583.0,584.0,584.0,582.8082337254821,581.75385,589.12836,1063.0,1064.0,1064.0,1063.9628070827507,1057.1141,1026.061,1160.0,1149.0,1149.0,1145.4342034726242,1133.9198,1085.826,1401.0,1276.0,1276.0,1305.3939997162624,1274.8041,1322.1123
2018-05-31,583.0,583.0,583.0,581.3055037236761,578.07513,594.1327,1061.0,1063.0,1063.0,1063.0274172777397,1057.0383,1033.0391,1192.0,1160.0,1160.0,1175.9827147739668,1169.7555,1132.135,1602.0,1401.0,1401.0,1529.6481955385736,1494.2786,1589.7694
2018-06-01,583.0,583.0,583.0,582.1061865732471,575.7722,601.4591,1061.0,1061.0,1061.0,1062.546506310112,1058.0547,1031.7411,1217.0,1192.0,1192.0,1223.6939059901392,1221.9827,1179.9126,1712.0,1602.0,1602.0,1773.6154217507678,1774.9712,1965.7434
2018-06-04,584.0,583.0,583.0,582.7933595784317,575.09106,600.2074,1065.0,1061.0,1061.0,1062.045788991548,1060.2681,1029.1375,1250.0,1217.0,1217.0,1235.3653813154713,1220.8978,1205.7577,1835.0,1712.0,1712.0,1817.3620220021176,1787.8782,2068.8262
2018-06-05,583.0,584.0,584.0,584.8215024665526,581.0874,604.49786,1065.0,1065.0,1065.0,1069.418812196741,1061.9807,1040.2135,1290.0,1250.0,1250.0,1279.7686083428705,1282.7192,1239.1146,2088.0,1835.0,1835.0,1962.5712118119,1938.4645,2239.0479
2018-06-06,583.0,583.0,583.0,583.3797564127399,577.2313,597.83545,1072.0,1065.0,1065.0,1066.6965928708023,1061.9543,1042.2051,1344.0,1290.0,1290.0,1326.5382278034672,1338.2781,1280.0796,2220.0,2088.0,2088.0,2286.1738294433208,2199.9827,2535.1533
2018-06-07,584.0,583.0,583.0,584.6964105374143,576.98865,600.333,1075.0,1072.0,1072.0,1078.2789556596429,1077.5101,1053.5706,1418.0,1344.0,1344.0,1390.2097973995824,1392.8812,1340.5817,2151.0,2220.0,2220.0,2326.0241839778705,2352.3516,2689.2585
2018-06-08,586.0,584.0,584.0,586.4572760590748,583.367,606.93835,1078.0,1075.0,1075.0,1080.8494754672793,1087.0205,1053.5583,1451.0,1418.0,1418.0,1476.4104415057377,1444.58,1421.389,2091.0,2151.0,2151.0,2169.3419736036885,2142.7993,2606.4214
2018-06-11,588.0,586.0,586.0,588.9756120998915,585.353,615.9297,1084.0,1078.0,1078.0,1082.600142220459,1087.0308,1062.1726,1474.0,1451.0,1451.0,1467.687116043027,1474.5201,1446.3612,2068.0,2091.0,2091.0,2151.0129552868457,1998.6633,2537.9717
2018-06-12,591.0,588.0,588.0,590.4536834669757,587.3754,621.5332,1088.0,1084.0,1084.0,1089.096154892549,1099.5962,1072.4086,1488.0,1474.0,1474.0,1485.8465833864782,1495.0054,1455.2134,2091.0,2068.0,2068.0,2144.0808072630743,2014.224,2506.6965
2018-06-13,592.0,591.0,591.0,593.9454132781943,592.14966,624.3494,1089.0,1088.0,1088.0,1092.45631784953,1096.9385,1076.8538,1498.0,1488.0,1488.0,1493.414923565487,1492.3966,1454.7317,2184.0,2091.0,2091.0,2182.7767197663816,2069.094,2512.8606
2018-06-14,593.0,592.0,592.0,593.5988813178652,594.6578,627.0947,1091.0,1089.0,1089.0,1088.8463820649956,1096.4764,1075.1597,1495.0,1498.0,1498.0,1501.5202687922983,1501.2397,1444.6194,2223.0,2184.0,2184.0,2305.1980883669003,2293.769,2593.0059
2018-06-15,595.0,593.0,593.0,594.4445308723894,594.06915,620.8061,1092.0,1091.0,1091.0,1090.855802588758,1110.4496,1067.5453,1482.0,1495.0,1495.0,1479.0738802726255,1490.6862,1432.417,2228.0,2223.0,2223.0,2266.1568513056027,2274.3318,2511.9558
2018-06-18,594.0,595.0,595.0,596.5611076546003,595.9239,620.628,1093.0,1092.0,1092.0,1090.5906256427968,1113.6912,1059.3528,1458.0,1482.0,1482.0,1462.11102925059,1445.0042,1397.2114,2187.0,2228.0,2228.0,2238.8909642467843,2234.8293,2373.574
2018-06-19,593.0,594.0,594.0,593.5973193364318,593.7456,621.4416,1094.0,1093.0,1093.0,1089.3980835411803,1115.1788,1059.9652,1419.0,1458.0,1458.0,1430.090457570152,1416.9664,1366.3589,2090.0,2187.0,2187.0,2177.8991006581705,2169.7847,2240.0942
2018-06-20,592.0,593.0,593.0,592.2764286034812,593.0396,620.70306,1094.0,1094.0,1094.0,1089.6275317199395,1114.5797,1063.0847,1382.0,1419.0,1419.0,1380.2827394990843,1361.7488,1328.8564,2038.0,2090.0,2090.0,2054.7830083091203,1982.3502,2081.1694
2018-06-21,593.0,592.0,592.0,591.5472858342334,592.8099,617.5628,1092.0,1094.0,1094.0,1090.2404112920622,1112.7566,1064.9917,1355.0,1382.0,1382.0,1347.0775944384377,1341.6049,1299.4023,2011.0,2038.0,2038.0,2040.1832191868675,2000.7982,2035.9071
2018-06-22,592.0,593.0,593.0,592.7235652015478,593.33295,617.101,1085.0,1092.0,1092.0,1088.7727371852493,1109.6052,1063.9329,1339.0,1355.0,1355.0,1330.3078044366257,1334.0303,1283.3284,2001.0,2011.0,2011.0,2037.151540365512,2007.8422,2027.2634
2018-06-25,589.0,592.0,592.0,590.2321141462264,592.56396,617.98065,1078.0,1085.0,1085.0,1079.0162821936474,1088.4854,1054.9792,1321.0,1339.0,1339.0,1328.6157342870397,1329.7826,1273.0522,1986.0,2001.0,2001.0,2051.689840580032,1998.1686,2063.533
2018-06-26,585.0,589.0,589.0,586.7078394657285,586.13464,618.25226,1067.0,1078.0,1078.0,1071.4701671185028,1073.7527,1045.8881,1324.0,1321.0,1321.0,1309.446674639291,1303.3861,1261.6478,1942.0,1986.0,1986.0,2059.508628545434,2004.9475,2090.058
2018-06-27,583.0,585.0,585.0,582.213213808822,585.05194,616.0023,1055.0,1067.0,1067.0,1056.844413087351,1056.2329,1026.8579,1331.0,1324.0,1324.0,1335.1512507561547,1319.0847,1281.3934,2025.0,1942.0,1942.0,2004.796664066055,1928.9918,2042.7812
2018-06-28,581.0,583.0,583.0,581.8555360081423,580.48267,615.39685,1042.0,1055.0,1055.0,1046.1572306125113,1044.8052,1013.6587,1336.0,1331.0,1331.0,1338.2606479991362,1325.2341,1294.7296,2170.0,2025.0,2025.0,2119.635680394212,2107.7698,2176.6565
2018-06-29,575.0,581.0,581.0,579.2377352477886,576.9471,619.21204,1034.0,1042.0,1042.0,1034.2215602065971,1024.5338,1005.93866,1338.0,1336.0,1336.0,1338.199463891358,1336.6399,1302.4746,2304.0,2170.0,2170.0,2267.806150638657,2298.1047,2345.5457
2018-07-02,571.0,575.0,575.0,571.2589059835819,573.6843,614.3221,1025.0,1034.0,1034.0,1026.347160342546,1028.2046,1002.51355,1336.0,1338.0,1338.0,1341.9862056586007,1343.216,1312.4215,2478.0,2304.0,2304.0,2376.9740787912297,2433.104,2466.3887
2018-07-03,569.0,571.0,571.0,568.5067508562199,567.4178,613.942,1017.0,1025.0,1025.0,1018.6327954334112,1011.6076,1004.4927,1334.0,1336.0,1336.0,1338.5664838348307,1342.9015,1310.9836,2743.0,2478.0,2478.0,2566.2867604622006,2649.2502,2615.6772
2018-07-04,565.0,569.0,569.0,567.8473923105788,568.36084,607.0937,1005.0,1017.0,1017.0,1013.8570578945844,1006.45856,1006.8851,1339.0,1334.0,1334.0,1335.2041738181215,1343.3804,1306.2325,3013.0,2743.0,2743.0,2871.7996431386878,2809.9048,2810.4795
2018-07-05,563.0,565.0,565.0,562.7588521974837,561.05115,602.77576,999.0,1005.0,1005.0,999.6136614929342,993.6967,1000.5685,1347.0,1339.0,1339.0,1347.3174098553625,1342.0414,1312.5623,3086.0,3013.0,3013.0,3130.997310489075,3082.1792,2993.7734
2018-07-06,562.0,563.0,563.0,561.7807165164586,565.7993,599.9278,997.0,999.0,999.0,998.7149706127052,992.8587,1001.4412,1367.0,1347.0,1347.0,1356.7812488664065,1350.8043,1344.3406,3016.0,3086.0,3086.0,3097.9104093293354,3174.1677,3028.0532
2018-07-09,560.0,562.0,562.0,562.4608992192358,567.8341,601.40234,994.0,997.0,997.0,996.8291136237544,999.19293,1003.3109,1431.0,1367.0,1367.0,1390.690222989485,1390.3604,1394.854,2792.0,3016.0,3016.0,3008.6178924368432,2956.3699,2986.71
2018-07-10,558.0,560.0,560.0,561.2309658106079,563.1896,595.39825,992.0,994.0,994.0,995.2496528747256,987.859,988.57007,1498.0,1431.0,1431.0,1497.2535771028524,1484.4479,1494.1919,2793.0,2792.0,2792.0,2752.064917798034,2679.3032,2855.0278
2018-07-11,558.0,558.0,558.0,559.3649201645615,560.18036,595.2447,994.0,992.0,992.0,994.0964245536225,989.31934,982.2744,1517.0,1498.0,1498.0,1559.8624467626728,1539.5074,1556.718,3041.0,2793.0,2793.0,2924.7639330193097,2744.4324,3024.119
2018-07-12,559.0,558.0,558.0,560.3202300563783,562.3902,598.8111,995.0,994.0,994.0,1000.8485370315794,988.6526,990.4412,1527.0,1517.0,1517.0,1525.3561265023882,1530.2394,1543.4946,3156.0,3041.0,3041.0,3255.594977273506,3126.8237,3285.9937
2018-07-13,559.0,559.0,559.0,560.2810485825458,562.8749,596.421,998.0,995.0,995.0,998.7715817713143,1000.37494,985.4723,1529.0,1527.0,1527.0,1527.5659157389118,1535.2432,1542.1316,3238.0,3156.0,3156.0,3231.690871972078,3278.9783,3346.0054
2018-07-16,561.0,559.0,559.0,559.9882205817327,562.50635,599.27295,1003.0,998.0,998.0,1001.0929550104586,1003.14655,982.85645,1530.0,1529.0,1529.0,1531.240849105745,1532.7965,1521.4642,3335.0,3238.0,3238.0,3305.929101313633,3368.0906,3388.7803
2018-07-17,561.0,561.0,561.0,563.6815755308189,568.32104,597.1565,1008.0,1003.0,1003.0,1008.9639680264736,1003.9052,985.1526,1529.0,1530.0,1530.0,1529.5660608101384,1536.677,1521.1672,3230.0,3335.0,3335.0,3415.655046344562,3413.585,3416.654
2018-07-18,561.0,561.0,561.0,563.0573495622873,571.4095,596.57574,1016.0,1008.0,1008.0,1010.0271391079604,1009.51666,982.0719,1538.0,1529.0,1529.0,1522.41184939694,1534.3187,1525.635,3130.0,3230.0,3230.0,3177.447405785253,3227.7263,3310.1387
2018-07-19,560.0,561.0,561.0,563.2823531514324,571.4984,596.96985,1023.0,1016.0,1016.0,1020.2134921299072,1029.6605,989.79504,1557.0,1538.0,1538.0,1546.4520915782075,1539.8392,1540.2405,3205.0,3130.0,3130.0,3106.029736517893,3135.363,3225.8555
2018-07-20,560.0,560.0,560.0,562.3177624620926,567.57495,591.2816,1028.0,1023.0,1023.0,1028.2656459275352,1026.414,998.7378,1566.0,1557.0,1557.0,1578.8070533800033,1569.4038,1567.4844,3304.0,3205.0,3205.0,3290.8012707372213,3251.401,3284.1826
2018-07-23,559.0,560.0,560.0,562.3866155541476,564.28876,596.3175,1030.0,1028.0,1028.0,1033.4876909321692,1028.4219,1006.9903,1581.0,1566.0,1566.0,1574.352854216932,1564.1589,1565.7734,3461.0,3304.0,3304.0,3380.5453809488176,3393.9724,3342.953
2018-07-24,556.0,559.0,559.0,560.348577258727,563.1021,595.55743,1033.0,1030.0,1030.0,1033.7430087746377,1035.6016,1010.8698,1588.0,1581.0,1581.0,1599.2935768320442,1600.2214,1591.2562,3462.0,3461.0,3461.0,3562.02631599087,3579.9534,3416.5452
2018-07-25,554.0,556.0,556.0,556.0715900055869,559.06903,590.85376,1034.0,1033.0,1033.0,1034.2976440050986,1040.9838,1008.3479,1583.0,1588.0,1588.0,1593.3800098455483,1594.0127,1606.3772,3303.0,3462.0,3462.0,3457.727459228,3543.5547,3393.228
2018-07-26,553.0,554.0,554.0,554.2408467644569,559.6775,588.932,1035.0,1034.0,1034.0,1031.0676009850845,1042.5482,1002.80133,1588.0,1583.0,1583.0,1574.7800402122862,1593.3177,1585.5427,3197.0,3303.0,3303.0,3212.47117055593,3310.6228,3251.0913
2018-07-27,551.0,553.0,553.0,554.2732293026447,559.6151,588.3825,1035.0,1035.0,1035.0,1034.759412448634,1042.2775,1005.90717,1587.0,1588.0,1588.0,1593.21698255333,1593.3455,1587.1575,3280.0,3197.0,3197.0,3157.927779081891,3193.0232,3188.4397
2018-07-30,549.0,551.0,551.0,551.893115773941,557.89685,585.5262,1035.0,1035.0,1035.0,1035.2375877922086,1041.1442,1008.7733,1570.0,1587.0,1587.0,1593.8335241344737,1594.1694,1576.0544,3471.0,3280.0,3280.0,3346.84174749461,3381.3381,3260.747
2018-07-31,547.0,549.0,549.0,549.625083714123,552.8876,582.2429,1036.0,1035.0,1035.0,1034.7541103324684,1040.8494,1011.59766,1539.0,1570.0,1570.0,1557.567972416366,1549.9733,1552.5156,3515.0,3471.0,3471.0,3539.380350723811,3588.335,3377.7363
2018-08-01,544.0,547.0,547.0,547.4613436207363,549.92957,580.92706,1032.0,1036.0,1036.0,1034.4787351416148,1041.0607,1012.82983,1491.0,1539.0,1539.0,1510.872915753311,1507.4006,1520.0068,3534.0,3515.0,3515.0,3479.1086238496373,3597.1675,3355.0557
2018-08-02,543.0,544.0,544.0,543.2858195531076,549.2729,576.8588,1030.0,1032.0,1032.0,1026.0907487681638,1025.241,1004.2421,1447.0,1491.0,1491.0,1450.2813781848577,1437.7113,1455.4111,3632.0,3534.0,3534.0,3511.4661869214024,3576.8875,3303.2144
2018-08-03,542.0,543.0,543.0,544.0769426580032,547.08093,577.3092,1030.0,1030.0,1030.0,1028.1490498399671,1028.8942,1004.59467,1420.0,1447.0,1447.0,1416.6036222363027,1401.0338,1412.8079,3654.0,3632.0,3632.0,3673.0338941660993,3732.1182,3346.4226
2018-08-06,541.0,542.0,542.0,543.0734345675758,545.1122,577.9899,1032.0,1030.0,1030.0,1028.669845974616,1034.3694,1004.11804,1386.0,1420.0,1420.0,1408.940414491024,1383.6876,1410.7346,3550.0,3654.0,3654.0,3642.70751229575,3719.6426,3339.4282
2018-08-07,541.0,541.0,541.0,542.3338621716159,545.3362,576.4191,1035.0,1032.0,1032.0,1031.695224124705,1033.7767,1000.67236,1365.0,1386.0,1386.0,1365.12453294604,1353.5382,1380.7269,3483.0,3550.0,3550.0,3499.2433182646973,3467.1829,3233.9917
2018-08-08,543.0,541.0,541.0,543.5203880211367,546.0177,573.34247,1036.0,1035.0,1035.0,1036.5833776681498,1038.9567,999.2573,1349.0,1365.0,1365.0,1355.2935892113908,1349.3762,1374.6129,3472.0,3483.0,3483.0,3466.100772881007,3486.0813,3187.3047
2018-08-09,542.0,543.0,543.0,546.3837232731019,546.4624,573.17,1039.0,1036.0,1036.0,1040.4430660498829,1041.4939,998.8796,1339.0,1349.0,1349.0,1344.5259333991958,1346.2728,1351.1962,3480.0,3472.0,3472.0,3494.905005247494,3577.0706,3183.7085
2018-08-10,543.0,542.0,542.0,543.4876560857751,544.36285,571.25836,1040.0,1039.0,1039.0,1042.5335664871147,1040.9248,1001.2855,1339.0,1339.0,1339.0,1338.8020881164182,1335.329,1355.1295,3536.0,3480.0,3480.0,3500.5584598832384,3571.4353,3196.0342
2018-08-13,543.0,543.0,543.0,545.7590373618496,546.28644,572.47565,1042.0,1040.0,1040.0,1043.853930673176,1041.4613,1003.9239,1362.0,1339.0,1339.0,1347.193395666893,1347.6293,1366.5214,3587.0,3536.0,3536.0,3559.1867406441856,3575.9258,3248.5908
2018-08-14,543.0,543.0,543.0,546.3854317386927,546.2738,573.246,1045.0,1042.0,1042.0,1048.314816606854,1043.2277,1006.1038,1403.0,1362.0,1362.0,1388.5168605985823,1402.4388,1414.9889,3560.0,3587.0,3587.0,3596.185706630941,3583.7532,3278.1616
2018-08-15,544.0,543.0,543.0,546.603752664086,546.4241,574.1896,1050.0,1045.0,1045.0,1050.3649411839822,1059.1249,1006.1538,1447.0,1403.0,1403.0,1439.4819324325522,1446.0225,1477.9539,3476.0,3560.0,3560.0,3516.0546015516675,3544.457,3257.6548
2018-08-16,545.0,544.0,544.0,548.0535499994032,550.6217,577.79877,1056.0,1050.0,1050.0,1058.105016206585,1061.4902,1010.9762,1485.0,1447.0,1447.0,1482.1765374225731,1492.6924,1526.1838,3454.0,3476.0,3476.0,3431.8356826202685,3526.7354,3219.6917
2018-08-17,543.0,545.0,545.0,549.0539722789302,552.94666,581.3413,1062.0,1056.0,1056.0,1064.3300315689137,1064.2107,1018.527,1506.0,1485.0,1485.0,1515.2039675319816,1525.1089,1551.9011,3424.0,3454.0,3454.0,3465.337328001501,3547.8162,3245.5405
2018-08-20,543.0,543.0,543.0,545.6187230146495,549.8909,582.3151,1069.0,1062.0,1062.0,1067.3479723790135,1064.5806,1022.7034,1530.0,1506.0,1506.0,1523.8829583487432,1534.0056,1545.2168,3426.0,3424.0,3424.0,3409.6020974322555,3389.5547,3272.0796
2018-08-21,548.0,543.0,543.0,546.2466582136408,548.8673,587.2372,1078.0,1069.0,1069.0,1076.7481605113949,1079.8113,1034.2734,1560.0,1530.0,1530.0,1555.4392503066665,1551.8152,1558.2042,3371.0,3426.0,3426.0,3456.594028506269,3411.5356,3305.5818
2018-08-22,547.0,548.0,548.0,554.2151527402791,556.46936,592.7403,1087.0,1078.0,1078.0,1090.4239672084818,1094.5986,1047.9869,1607.0,1560.0,1560.0,1584.360676627929,1583.8655,1590.947,3232.0,3371.0,3371.0,3353.308986955517,3310.1892,3247.4648
2018-08-23,551.0,547.0,547.0,550.3185231010908,556.6114,594.4018,1095.0,1087.0,1087.0,1094.8721941378642,1105.9893,1050.6958,1630.0,1607.0,1607.0,1646.2366792606017,1643.2556,1633.7064,3164.0,3232.0,3232.0,3192.358301789271,3207.815,3183.3975
2018-08-24,554.0,551.0,551.0,556.4016671388517,563.3347,598.7649,1110.0,1095.0,1095.0,1104.109497625317,1117.24,1063.5133,1643.0,1630.0,1630.0,1637.807626608585,1635.2927,1634.4501,3088.0,3164.0,3164.0,3158.949195347306,3123.683,3167.2651
2018-08-28,556.0,554.0,554.0,559.6731732896948,565.6265,606.432,1121.0,1110.0,1110.0,1123.568230523283,1136.6707,1083.8885,1639.0,1643.0,1643.0,1645.8448348159395,1637.1848,1624.2397,2994.0,3088.0,3088.0,3090.26270323492,3066.6082,3140.1309
2018-08-29,559.0,556.0,556.0,561.4722048442875,566.55927,608.7614,1128.0,1121.0,1121.0,1130.521261406622,1140.1227,1095.6005,1608.0,1639.0,1639.0,1633.2990631727896,1625.5785,1607.9128,2826.0,2994.0,2994.0,2968.7210631710104,2922.453,3042.8857
2018-08-30,562.0,559.0,559.0,563.3305340950072,568.37085,610.077,1132.0,1128.0,1128.0,1132.575215554437,1154.948,1098.7019,1571.0,1608.0,1608.0,1575.3774767029856,1589.895,1565.5479,2732.0,2826.0,2826.0,2746.570140742586,2755.9238,2885.7468
2018-08-31,563.0,562.0,562.0,566.7700277381554,573.28265,611.9357,1133.0,1132.0,1132.0,1134.1434128960525,1162.1576,1101.8154,1540.0,1571.0,1571.0,1537.7181123988676,1560.6614,1510.7996,2672.0,2732.0,2732.0,2689.1376096272734,2622.8174,2774.512
2018-09-03,564.0,563.0,563.0,566.0746497453883,575.1214,613.3708,1135.0,1133.0,1133.0,1133.7452684004106,1162.7843,1104.6002,1517.0,1540.0,1540.0,1517.596067345325,1497.642,1479.612,2535.0,2672.0,2672.0,2654.4017271843577,2602.8318,2702.8604
2018-09-04,565.0,564.0,564.0,567.9213173138937,574.5839,613.69714,1135.0,1135.0,1135.0,1133.9377783402388,1157.4987,1108.5348,1504.0,1517.0,1517.0,1495.1997634041495,1494.0494,1499.5847,2410.0,2535.0,2535.0,2428.9862262292368,2409.2551,2589.5422
2018-09-05,565.0,565.0,565.0,568.1220875590465,574.70184,614.5403,1135.0,1135.0,1135.0,1139.0191705582529,1160.5505,1109.1053,1516.0,1504.0,1504.0,1487.6193613653577,1503.2526,1488.1833,2424.0,2410.0,2410.0,2403.9381099255734,2314.4023,2453.0093
2018-09-06,568.0,565.0,565.0,568.1279109263565,573.49646,616.531,1134.0,1135.0,1135.0,1136.2794087580287,1161.1781,1111.7761,1528.0,1516.0,1516.0,1539.7540352932515,1530.6937,1529.6671,2411.0,2424.0,2424.0,2490.782139614366,2464.207,2543.5542
2018-09-07,569.0,568.0,568.0,571.885132812079,577.3511,618.4532,1136.0,1134.0,1134.0,1137.1184143344767,1158.9878,1108.7566,1544.0,1528.0,1528.0,1539.1463593218837,1536.8524,1553.094,2363.0,2411.0,2411.0,2426.342322572863,2374.802,2504.8572
2018-09-10,572.0,569.0,569.0,571.278095979165,576.5415,616.51794,1135.0,1136.0,1136.0,1137.2498471853323,1160.7896,1103.5144,1556.0,1544.0,1544.0,1555.2853141801736,1541.414,1565.4431,2191.0,2363.0,2363.0,2339.041302554558,2335.24,2436.906
2018-09-11,576.0,572.0,572.0,575.4419568186695,576.9835,618.41943,1134.0,1135.0,1135.0,1134.7799767021322,1159.1152,1101.1648,1550.0,1556.0,1556.0,1559.833939598485,1553.7025,1567.825,2074.0,2191.0,2191.0,2088.835207490223,2107.8474,2173.4204
2018-09-12,581.0,576.0,576.0,580.0003871927514,582.73157,620.2147,1132.0,1134.0,1134.0,1133.1340796196,1157.7988,1104.4758,1534.0,1550.0,1550.0,1538.0404823076124,1523.2251,1531.8503,1980.0,2074.0,2074.0,2019.1796735134244,1934.923,2007.7361
2018-09-13,588.0,581.0,581.0,585.6155223881543,586.51154,622.0548,1134.0,1132.0,1132.0,1131.2503400541073,1157.5586,1106.5922,1523.0,1534.0,1534.0,1513.3874017770022,1513.7317,1488.5334,1900.0,1980.0,1980.0,1916.6607196110333,1892.861,1871.0786
2018-09-14,596.0,588.0,588.0,592.85077341188,591.1524,626.12396,1138.0,1134.0,1134.0,1137.292981121068,1150.8701,1112.3679,1518.0,1523.0,1523.0,1512.483459996263,1505.992,1457.6635,1853.0,1900.0,1900.0,1873.3531478812072,1848.3503,1816.3545
2018-09-17,600.0,596.0,596.0,602.4273929897838,598.99176,630.42206,1151.0,1138.0,1138.0,1142.5735648872255,1151.4026,1119.0835,1525.0,1518.0,1518.0,1518.0058007958942,1519.567,1447.2543,1826.0,1853.0,1853.0,1848.0217491813949,1804.173,1793.5731
2018-09-18,604.0,600.0,600.0,605.0513429245154,604.9207,637.06055,1159.0,1151.0,1151.0,1159.048576704084,1181.8104,1130.4169,1530.0,1525.0,1525.0,1538.4866724098845,1524.4479,1451.6587,1850.0,1826.0,1826.0,1854.456328628096,1783.1599,1814.608
2018-09-19,612.0,604.0,604.0,609.5896271577957,608.88214,643.8721,1169.0,1159.0,1159.0,1164.7916301433577,1192.2909,1137.6567,1557.0,1530.0,1530.0,1534.46630570664,1530.9915,1450.458,1838.0,1850.0,1850.0,1901.2473036799704,1875.3074,1846.285
2018-09-20,617.0,612.0,612.0,620.0349347556041,616.5772,655.7196,1175.0,1169.0,1169.0,1180.4112280331613,1198.0264,1152.6372,1586.0,1557.0,1557.0,1580.7593227437842,1572.3372,1484.9318,1840.0,1838.0,1838.0,1874.7533660059164,1830.01,1851.5745
2018-09-21,622.0,617.0,617.0,622.8493650753776,623.1613,660.93335,1185.0,1175.0,1175.0,1182.557796542092,1193.7831,1158.6417,1609.0,1586.0,1586.0,1611.0153569565136,1605.3483,1505.7418,1864.0,1840.0,1840.0,1899.0355240464576,1876.3595,1872.9119
2018-09-24,622.0,622.0,622.0,628.0293972507276,628.1161,665.1458,1190.0,1185.0,1185.0,1195.2787816659402,1212.3428,1171.8535,1639.0,1609.0,1609.0,1626.354842845983,1625.103,1506.8623,1868.0,1864.0,1864.0,1951.4144532918856,1894.5901,1957.0779
2018-09-25,626.0,622.0,622.0,624.6472871346665,628.3264,663.99255,1194.0,1190.0,1190.0,1191.524784673959,1219.3848,1171.3461,1677.0,1639.0,1639.0,1665.223679923303,1644.0336,1523.5023,1910.0,1868.0,1868.0,1957.5110396065645,1882.7268,1947.197
2018-09-26,627.0,626.0,626.0,631.0332311475022,632.698,670.0984,1195.0,1194.0,1194.0,1199.884340030736,1220.8121,1183.0809,1689.0,1677.0,1677.0,1708.6424749829262,1676.7329,1555.8699,1949.0,1910.0,1910.0,2019.9323551049752,1960.4567,2033.2107
2018-09-27,629.0,627.0,627.0,629.2102639477303,631.3827,670.83,1194.0,1195.0,1195.0,1195.2135235552123,1218.1769,1184.5659,1695.0,1689.0,1689.0,1690.7887392927964,1669.4045,1540.2217,2000.0,1949.0,1949.0,2039.3524194170463,1957.8623,2051.9253
2018-09-28,630.0,629.0,629.0,631.1835430040373,634.54596,673.7107,1193.0,1194.0,1194.0,1194.1015999550596,1216.4366,1186.3608,1692.0,1695.0,1695.0,1692.7581148560794,1680.5955,1525.383,2061.0,2000.0,2000.0,2096.085761022181,2020.6302,2096.8367
2018-10-01,631.0,630.0,630.0,631.4728319934205,633.8863,675.2639,1189.0,1193.0,1193.0,1190.9828663882724,1215.6589,1187.0723,1678.0,1692.0,1692.0,1695.496669442639,1675.6061,1499.9387,2148.0,2061.0,2061.0,2172.612173026984,2096.713,2183.6367
2018-10-02,633.0,631.0,631.0,632.7533102919252,638.64734,671.18896,1190.0,1189.0,1189.0,1185.325950904907,1211.1339,1179.1814,1679.0,1678.0,1678.0,1664.193441375248,1642.427,1476.1035,2199.0,2148.0,2148.0,2234.048879220507,2231.591,2217.3896
2018-10-03,634.0,633.0,633.0,635.4096840862354,641.77795,675.7698,1192.0,1190.0,1190.0,1190.2834733708346,1217.1147,1185.9707,1706.0,1679.0,1679.0,1681.2554601124534,1649.5648,1487.3484,2148.0,2199.0,2199.0,2278.300429596857,2208.208,2270.0862
2018-10-04,637.0,634.0,634.0,636.3510746448187,643.60364,677.15234,1197.0,1192.0,1192.0,1191.914521527989,1217.4458,1189.0107,1727.0,1706.0,1706.0,1734.3940661733754,1697.4316,1545.6044,2081.0,2148.0,2148.0,2189.473796088845,2139.958,2214.6064
2018-10-05,639.0,637.0,637.0,641.2485835410212,656.9567,681.9259,1201.0,1197.0,1197.0,1200.7968666001857,1224.8445,1198.7605,1749.0,1727.0,1727.0,1741.841917256085,1738.1553,1574.658,2042.0,2081.0,2081.0,2125.5776172149945,1979.6041,2150.354
2018-10-08,643.0,639.0,639.0,642.6514672516121,656.5987,682.7297,1203.0,1201.0,1201.0,1203.0212492995745,1228.9323,1203.0874,1747.0,1749.0,1749.0,1768.6426378351807,1759.4265,1586.0342,1961.0,2042.0,2042.0,2107.1735461814123,1976.3835,2130.3994
2018-10-09,647.0,643.0,643.0,647.8142894984006,661.58295,687.01306,1205.0,1203.0,1203.0,1205.4347574064568,1226.0184,1210.3309,1749.0,1747.0,1747.0,1735.825168291076,1748.3162,1587.6086,1949.0,1961.0,1961.0,1966.1305835959029,1916.0776,2049.536
2018-10-10,652.0,647.0,647.0,651.9173607940954,661.90924,687.4148,1207.0,1205.0,1205.0,1209.142994992196,1230.8486,1213.152,1763.0,1749.0,1749.0,1756.507203332532,1749.9369,1560.7683,2005.0,1949.0,1949.0,2045.3965247168585,1911.4696,2062.6672
2018-10-11,657.0,652.0,652.0,657.764815121066,665.655,688.8493,1204.0,1207.0,1207.0,1213.0254566738015,1241.6621,1215.6204,1775.0,1763.0,1763.0,1782.4336803844612,1757.4093,1560.071,2169.0,2005.0,2005.0,2154.1005121214844,2071.0254,2157.7554
2018-10-12,661.0,657.0,657.0,661.7273892370999,674.2573,690.9307,1200.0,1204.0,1204.0,1208.0330817577783,1228.5344,1211.981,1779.0,1775.0,1775.0,1784.9245774634346,1756.9434,1558.2095,2189.0,2169.0,2169.0,2344.382679018643,2297.798,2305.9438
2018-10-15,663.0,661.0,661.0,665.0302747224855,675.90405,697.9179,1196.0,1200.0,1200.0,1201.765843073142,1224.9208,1204.1475,1793.0,1779.0,1779.0,1778.532501842319,1753.3373,1561.4847,2164.0,2189.0,2189.0,2251.064797050489,2230.21,2252.218
2018-10-16,665.0,663.0,663.0,665.0623471866578,681.1308,700.11505,1192.0,1196.0,1196.0,1194.9935993618387,1220.7695,1196.9618,1796.0,1793.0,1793.0,1810.055621115312,1791.0154,1573.6372,2106.0,2164.0,2164.0,2231.231905022525,2186.2275,2197.0789
2018-10-17,668.0,665.0,665.0,667.0832615904196,684.03723,702.1647,1181.0,1192.0,1192.0,1190.093495756107,1218.9944,1193.2843,1789.0,1796.0,1796.0,1799.5295795250931,1777.2578,1574.7798,2176.0,2106.0,2106.0,2157.141415909064,2035.0452,2117.058
2018-10-18,670.0,668.0,668.0,669.909799245543,684.30255,703.1602,1170.0,1181.0,1181.0,1175.994699050001,1196.5399,1183.5321,1775.0,1789.0,1789.0,1785.6814768267238,1739.0988,1542.7334,2230.0,2176.0,2176.0,2289.5700106164973,2275.2014,2169.0063
2018-10-19,671.0,670.0,670.0,670.3685532814369,686.4121,703.52606,1163.0,1170.0,1170.0,1164.9327490079363,1189.3955,1170.226,1756.0,1775.0,1775.0,1760.9564976698562,1728.6687,1520.8564,2296.0,2230.0,2230.0,2293.37419920309,2270.031,2189.6697
2018-10-22,673.0,671.0,671.0,670.6218720626598,686.34674,703.07623,1156.0,1163.0,1163.0,1158.8015666629733,1189.4292,1162.5361,1715.0,1756.0,1756.0,1742.8356960958909,1725.6239,1497.0715,2363.0,2296.0,2296.0,2367.156632844865,2388.1245,2229.2388
2018-10-23,675.0,673.0,673.0,673.3482412861692,686.9321,702.8695,1144.0,1156.0,1156.0,1151.3994397881852,1189.575,1158.4509,1669.0,1715.0,1715.0,1684.7705661067855,1673.4963,1439.0586,2388.0,2363.0,2363.0,2428.398358681666,2473.4568,2244.6284
2018-10-24,676.0,675.0,675.0,674.915835768781,687.91705,702.15076,1132.0,1144.0,1144.0,1135.8552312955603,1162.3829,1145.4077,1622.0,1669.0,1669.0,1632.061372299322,1612.0317,1390.3003,2353.0,2388.0,2388.0,2446.375111594993,2411.9768,2226.0894
2018-10-25,675.0,676.0,676.0,674.2929290373884,690.28955,701.01025,1117.0,1132.0,1132.0,1121.855189676502,1149.6326,1130.2855,1583.0,1622.0,1622.0,1586.310831497678,1578.1191,1356.5767,2526.0,2353.0,2353.0,2403.221184596616,2396.9565,2203.488
2018-10-26,675.0,675.0,675.0,673.0269265647853,685.7467,695.85547,1106.0,1117.0,1117.0,1106.9034461138303,1123.3259,1111.2288,1556.0,1583.0,1583.0,1560.0656490849135,1548.4784,1311.3452,2607.0,2526.0,2526.0,2729.194642572646,2668.2576,2407.8752
2018-10-29,675.0,675.0,675.0,673.9754868745922,685.1492,694.5155,1087.0,1106.0,1106.0,1097.607425448903,1115.1216,1102.9913,1530.0,1556.0,1556.0,1541.8080869290798,1520.323,1330.7781,2630.0,2607.0,2607.0,2712.0398999241515,2707.5588,2478.1577
2018-10-30,671.0,675.0,675.0,673.6822433967866,676.3608,698.20044,1073.0,1087.0,1087.0,1073.892549241282,1081.3826,1080.8606,1524.0,1530.0,1530.0,1515.4654375935793,1497.4404,1330.1919,2596.0,2630.0,2630.0,2710.738129622365,2707.2104,2470.7854
2018-10-31,668.0,671.0,671.0,668.6352793169644,673.0325,697.1178,1061.0,1073.0,1073.0,1062.386617583229,1061.0471,1069.1184,1526.0,1524.0,1524.0,1530.6525136973053,1518.1215,1362.4347,2530.0,2596.0,2596.0,2670.7178097960164,2584.6482,2481.0486
2018-11-01,666.0,668.0,668.0,665.4169814105554,669.0623,696.5982,1051.0,1061.0,1061.0,1050.7911479440038,1076.3785,1058.4006,1530.0,1526.0,1526.0,1536.0753165016351,1521.7014,1389.2863,2502.0,2530.0,2530.0,2589.246258530494,2500.1172,2432.8425
2018-11-02,665.0,666.0,666.0,664.1942643676294,668.97437,693.6256,1041.0,1051.0,1051.0,1044.230186703177,1045.1013,1052.5627,1531.0,1530.0,1530.0,1539.4655450669657,1527.6655,1410.4941,2397.0,2502.0,2502.0,2597.2783035692064,2469.893,2436.373
2018-11-05,663.0,665.0,665.0,663.0465078908536,667.60126,691.4149,1033.0,1041.0,1041.0,1033.6305226065183,1024.8019,1043.5804,1528.0,1531.0,1531.0,1537.950148956919,1528.3966,1424.8845,2296.0,2397.0,2397.0,2434.708450416236,2342.0488,2329.503
2018-11-06,660.0,663.0,663.0,660.5318711468406,666.044,684.20856,1021.0,1033.0,1033.0,1027.475224180964,1024.954,1036.599,1511.0,1528.0,1528.0,1530.0931602661726,1526.7769,1420.3754,1968.0,2296.0,2296.0,2329.674979274914,2268.0715,2215.2507
2018-11-07,658.0,660.0,660.0,656.8125958018661,660.74445,679.8513,1013.0,1021.0,1021.0,1011.3318749854636,1009.8614,1018.08435,1496.0,1511.0,1511.0,1493.6222370209582,1502.6206,1409.748,1747.0,1968.0,1968.0,1891.6000159327075,1924.5371,1823.0979
2018-11-08,656.0,658.0,658.0,655.7547889202847,659.02747,670.889,1003.0,1013.0,1013.0,1006.0036729243164,1005.8656,1019.9912,1495.0,1496.0,1496.0,1486.8920862236905,1485.3906,1407.1205,1461.0,1747.0,1747.0,1767.1146099188736,1660.3767,1647.449
2018-11-09,654.0,656.0,656.0,654.2759409477654,658.50586,663.589,994.0,1003.0,1003.0,995.3792476872228,991.6681,1005.77386,1496.0,1495.0,1495.0,1496.4112491794867,1493.777,1408.3022,1398.0,1461.0,1461.0,1424.299717969399,1380.8151,1422.6432
2018-11-12,653.0,654.0,654.0,651.8775355538867,654.4404,658.50684,986.0,994.0,994.0,987.969041592072,978.9091,1004.8901,1498.0,1496.0,1496.0,1503.658230818336,1493.6006,1406.9373,1153.0,1398.0,1398.0,1513.007890847335,1338.8748,1458.3251
2018-11-13,652.0,653.0,653.0,652.1298515721026,651.70844,647.7438,982.0,986.0,986.0,977.8050353306812,979.11255,987.5191,1484.0,1498.0,1498.0,1495.46834005974,1489.1648,1401.1927,940.0,1153.0,1153.0,1054.0086604877688,1108.612,1264.5234
2018-11-14,649.0,652.0,652.0,651.4417559043084,651.8185,637.70667,970.0,982.0,982.0,978.1741239796006,970.5114,979.57587,1466.0,1484.0,1484.0,1470.5277023703325,1443.9897,1366.5232,1007.0,940.0,940.0,911.1114837961916,937.13885,1129.67
2018-11-15,646.0,649.0,649.0,645.933837009559,650.2023,642.25604,969.0,970.0,970.0,961.46161921227,966.0726,972.1367,1453.0,1466.0,1466.0,1453.3080782208522,1438.7933,1314.0947,1057.0,1007.0,1007.0,1206.7593895755972,1100.9093,1297.986
2018-11-16,645.0,646.0,646.0,642.8758009460229,642.7908,644.86084,964.0,969.0,969.0,966.4997933194868,965.5386,973.18164,1437.0,1453.0,1453.0,1445.9086222756844,1427.2716,1309.5175,1050.0,1057.0,1057.0,1179.265772923309,1117.6965,1332.5518
2018-11-19,644.0,645.0,645.0,642.8866159445125,639.3235,645.1124,963.0,964.0,964.0,960.2707624520042,950.99493,958.38513,1416.0,1437.0,1437.0,1421.7044041586664,1422.0139,1280.8008,1002.0,1050.0,1050.0,1116.2933298296189,1076.1472,1268.961
2018-11-20,642.0,644.0,644.0,641.7495220463254,639.6221,642.91614,959.0,963.0,963.0,960.0870482107536,952.16736,952.5362,1393.0,1416.0,1416.0,1396.859076533759,1366.9727,1260.166,1056.0,1002.0,1002.0,1041.3546712634652,988.0548,1183.9069
2018-11-21,638.0,642.0,642.0,638.3634025173695,638.6552,639.177,956.0,959.0,959.0,955.0703335841264,947.4118,944.30426,1378.0,1393.0,1393.0,1377.123850611813,1349.6461,1232.5854,1089.0,1056.0,1056.0,1196.870847221314,1118.4823,1214.6962
2018-11-22,635.0,638.0,638.0,633.4004621660954,635.0629,633.5583,952.0,956.0,956.0,952.3836508367942,949.65375,938.6561,1376.0,1378.0,1378.0,1369.2951276454348,1350.8683,1226.7382,1358.0,1089.0,1089.0,1198.839955531186,1144.5109,1202.9354
2018-11-23,633.0,635.0,635.0,631.0719044936076,635.3807,630.05237,947.0,952.0,952.0,949.7006018719012,943.12427,940.27075,1389.0,1376.0,1376.0,1380.305074589787,1367.3788,1242.932,1789.0,1358.0,1358.0,1594.3827179060772,1550.6682,1539.2626
2018-11-26,631.0,633.0,633.0,629.0956484929898,634.08655,620.8965,943.0,947.0,947.0,945.763950186179,939.3415,936.1411,1416.0,1389.0,1389.0,1409.9781658832194,1403.0352,1267.9728,2170.0,1789.0,1789.0,2078.74312922694,1956.8535,1964.3718
2018-11-27,629.0,631.0,631.0,627.8151878141849,630.8443,621.3612,942.0,943.0,943.0,940.882506098065,937.55115,928.6698,1444.0,1416.0,1416.0,1446.3565539957187,1422.8695,1301.7638,2121.0,2170.0,2170.0,2406.8787722229526,2322.509,2286.5603
2018-11-28,628.0,629.0,629.0,625.4111162694353,630.2888,626.23303,945.0,942.0,942.0,940.68351325461,941.97736,932.1135,1455.0,1444.0,1444.0,1467.247970542618,1467.953,1348.2941,1950.0,2121.0,2121.0,2124.0257522881184,2144.2036,2142.072
2018-11-29,626.0,628.0,628.0,626.1783844484452,628.4172,627.4044,944.0,945.0,945.0,945.6826028452213,943.1304,946.34985,1463.0,1455.0,1455.0,1460.4363845558985,1458.0719,1357.7031,1755.0,1950.0,1950.0,1956.122286466032,1873.8978,1926.9109
2018-11-30,626.0,626.0,626.0,623.2810717751238,627.33575,627.32043,945.0,944.0,944.0,941.9995680538992,943.1048,951.2268,1469.0,1463.0,1463.0,1470.3728303532905,1442.3279,1357.6978,1638.0,1755.0,1755.0,1782.4714513296844,1639.6832,1762.8442
2018-12-03,625.0,626.0,626.0,624.4446001587668,628.06494,618.83844,949.0,945.0,945.0,945.1327859445928,943.07166,963.223,1474.0,1469.0,1469.0,1475.8353821216097,1457.502,1370.4152,1739.0,1638.0,1638.0,1708.6876874357686,1566.2498,1709.2507
2018-12-04,625.0,625.0,625.0,623.4444500817795,625.0692,620.60535,950.0,949.0,949.0,951.4268680286044,949.22296,971.5302,1472.0,1474.0,1474.0,1479.62295775352,1454.1837,1373.7112,1925.0,1739.0,1739.0,1932.8691633665665,1792.943,1955.4048
2018-12-05,625.0,625.0,625.0,623.8267390369463,625.33887,621.76764,951.0,950.0,950.0,952.9847260748478,951.41473,973.04456,1473.0,1472.0,1472.0,1470.0029884309708,1454.0217,1377.8921,2080.0,1925.0,1925.0,2114.0914593809484,1999.0436,2169.4045
2018-12-06,625.0,625.0,625.0,624.0083054481282,625.65753,622.9368,953.0,951.0,951.0,954.715290834378,950.5036,966.5175,1469.0,1473.0,1473.0,1473.902102409398,1453.4979,1390.2593,2197.0,2080.0,2080.0,2189.73952353988,2120.6482,2283.1665
2018-12-07,624.0,625.0,625.0,623.7000195986037,625.38666,624.6916,955.0,953.0,953.0,956.8359922484772,950.50397,956.6846,1464.0,1469.0,1469.0,1466.821547219476,1455.4257,1366.8795,2244.0,2197.0,2197.0,2349.5142918318584,2311.6943,2296.2905
2018-12-10,623.0,624.0,624.0,622.5784749783404,625.75854,619.4042,958.0,955.0,955.0,959.0730576517162,952.0223,956.2298,1454.0,1464.0,1464.0,1460.222602251427,1459.6595,1369.2175,2183.0,2244.0,2244.0,2315.880908910865,2365.8994,2270.9717
2018-12-11,622.0,623.0,623.0,622.1736100401102,626.0551,620.87085,963.0,958.0,958.0,962.620917336229,952.65643,953.2663,1445.0,1454.0,1454.0,1442.6896016296178,1431.8171,1342.2275,2153.0,2183.0,2183.0,2187.988096307786,2183.6755,2128.3372
2018-12-12,621.0,622.0,622.0,620.6692321552904,626.16895,619.88324,968.0,963.0,963.0,968.771905235461,955.0282,957.946,1459.0,1445.0,1445.0,1436.367040381676,1434.3773,1332.771,2180.0,2153.0,2153.0,2203.3506021371086,2168.847,2104.0986
2018-12-13,617.0,621.0,621.0,620.1143418182075,622.59546,622.6583,974.0,968.0,968.0,974.7211125251656,965.27966,959.93274,1478.0,1459.0,1459.0,1474.4057903540606,1468.6453,1356.982,2383.0,2180.0,2180.0,2276.756212884858,2225.843,2214.136
2018-12-14,614.0,617.0,617.0,614.7929103539798,619.5286,618.79114,978.0,974.0,974.0,980.450793831177,980.46313,962.7047,1490.0,1478.0,1478.0,1497.8601714678953,1490.5677,1382.3604,2433.0,2383.0,2383.0,2582.49703866979,2510.161,2485.734
2018-12-17,611.0,614.0,614.0,611.793697662604,616.3949,618.53,977.0,978.0,978.0,981.439186230926,981.4803,963.2939,1494.0,1490.0,1490.0,1499.2298623784795,1494.8783,1406.8651,2393.0,2433.0,2433.0,2504.2620060567638,2508.9497,2506.8394
2018-12-18,607.0,611.0,611.0,608.3076235734472,615.2998,621.19653,979.0,977.0,977.0,977.7834232949518,981.4684,955.9519,1492.0,1494.0,1494.0,1495.3210336095915,1495.6394,1408.4834,2264.0,2393.0,2393.0,2420.6124808797717,2383.8308,2414.3577
2018-12-19,602.0,607.0,607.0,603.7227736060458,611.8145,619.0642,979.0,979.0,979.0,980.6862541080422,981.3943,953.78485,1473.0,1492.0,1492.0,1492.060274247785,1478.4042,1404.842,2071.0,2264.0,2264.0,2262.434019976818,2275.9592,2264.949
2018-12-20,597.0,602.0,602.0,597.4311597578992,605.1736,619.3203,977.0,979.0,979.0,977.4259332719698,979.1761,950.5988,1437.0,1473.0,1473.0,1457.3146001018197,1437.2217,1373.5774,1913.0,2071.0,2071.0,2042.111286080944,1986.3468,2066.4778
2018-12-21,596.0,597.0,597.0,592.2852491611071,593.2382,612.6027,975.0,977.0,977.0,972.5040948797666,975.1418,949.90814,1421.0,1437.0,1437.0,1410.0351743759766,1408.3547,1325.3384,1905.0,1913.0,1913.0,1922.8389463015528,1848.0974,1938.1976
2018-12-24,588.0,596.0,596.0,594.1427310571404,594.60126,607.9259,967.0,975.0,975.0,975.1181600731572,973.61224,958.3407,1391.0,1421.0,1421.0,1415.0491386217818,1384.2948,1338.595,1987.0,1905.0,1905.0,1976.4891075040869,1955.3674,2021.748
2019-01-02,578.0,588.0,588.0,582.6394697239938,585.57434,606.5675,958.0,967.0,967.0,959.3863746089188,957.00653,949.2782,1365.0,1391.0,1391.0,1375.1983998346377,1353.0251,1292.7898,1963.0,1987.0,1987.0,2062.500962018244,2073.491,2204.2778
2019-01-03,571.0,578.0,578.0,571.6219227148108,577.5375,586.7233,946.0,958.0,958.0,947.9422695428724,946.539,929.3703,1331.0,1365.0,1365.0,1347.0672002158262,1340.807,1275.4497,2003.0,1963.0,1963.0,1945.4753261957092,1982.3867,2091.1392
2019-01-04,563.0,571.0,571.0,565.9739664179513,566.15283,589.2699,933.0,946.0,946.0,939.9060544964268,931.4573,916.49036,1300.0,1331.0,1331.0,1286.8095603620195,1303.123,1226.2683,2016.0,2003.0,2003.0,2099.877057443397,2060.4111,2051.9326
2019-01-07,556.0,563.0,563.0,558.2563079486259,560.6649,582.911,918.0,933.0,933.0,921.7785239030668,922.2118,899.4048,1257.0,1300.0,1300.0,1283.920412893524,1273.8025,1199.9775,2117.0,2016.0,2016.0,2013.150494118376,2046.9465,1984.5405
2019-01-08,546.0,556.0,556.0,550.1444083619969,552.47253,577.63293,893.0,918.0,918.0,907.9795145498948,909.04126,883.8461,1218.0,1257.0,1257.0,1225.9775701631347,1225.7615,1148.9885,2078.0,2117.0,2117.0,2149.5312884748137,2227.1614,2026.0813
2019-01-09,536.0,546.0,546.0,538.9767334549445,542.1705,567.75494,870.0,893.0,893.0,876.4060892720704,879.93335,849.19586,1170.0,1218.0,1218.0,1193.196740066654,1189.1674,1104.7637,1987.0,2078.0,2078.0,2032.5379232032471,2004.0922,1891.7212
2019-01-10,524.0,536.0,536.0,529.2167792116162,534.12726,554.8622,842.0,870.0,870.0,852.2582424594906,858.34644,828.489,1137.0,1170.0,1170.0,1132.774048041736,1142.3441,1068.3268,1966.0,1987.0,1987.0,1925.6153519843824,1907.721,1770.5989
2019-01-11,511.0,524.0,524.0,516.217002477396,519.44244,543.9146,814.0,842.0,842.0,823.1963396192083,826.8275,803.1087,1118.0,1137.0,1137.0,1118.3946319127854,1109.8395,1033.2789,1952.0,1966.0,1966.0,1956.6236008162048,1951.2029,1768.1348
2019-01-14,499.0,511.0,511.0,502.0181088114484,508.23575,526.5867,785.0,814.0,814.0,793.8740054216512,803.76215,781.4865,1104.0,1118.0,1118.0,1115.1591308055954,1106.8331,1017.84955,1831.0,1952.0,1952.0,1946.9513883231928,1879.428,1746.588
2019-01-15,483.0,499.0,499.0,490.3829423369145,496.07288,514.6601,755.0,785.0,785.0,764.7216429927174,781.72076,761.30005,1079.0,1104.0,1104.0,1098.3819836796465,1101.0413,1016.95685,1748.0,1831.0,1831.0,1722.747013461966,1669.38,1631.9469
2019-01-16,466.0,483.0,483.0,471.921274185413,480.4923,489.033,729.0,755.0,755.0,732.7369803748059,748.0688,740.1693,1045.0,1079.0,1079.0,1064.0947249528735,1061.6549,984.04193,1868.0,1748.0,1748.0,1704.970489281864,1623.4452,1575.6543
2019-01-17,451.0,466.0,466.0,453.992455872848,460.5465,466.7079,701.0,729.0,729.0,708.8607100761819,725.1019,721.23914,1018.0,1045.0,1045.0,1025.2726598233717,1021.27246,943.1416,2037.0,1868.0,1868.0,1941.7163112529795,1871.1785,1682.7667
2019-01-18,442.0,451.0,451.0,439.5431611965014,446.87454,444.11243,680.0,701.0,701.0,681.6990354424769,697.20166,696.0507,991.0,1018.0,1018.0,1003.7735485962849,997.93384,912.6488,2024.0,2037.0,2037.0,2097.637919729471,2039.3142,1763.7921
2019-01-21,432.0,442.0,442.0,433.9001331000524,438.93246,439.53983,660.0,680.0,680.0,666.9295529387065,674.62354,683.5031,950.0,991.0,991.0,971.7394933055274,964.1626,911.98553,1892.0,2024.0,2024.0,1934.2060449359096,1947.9897,1711.4915
2019-01-22,423.0,432.0,432.0,423.1940028978376,427.51987,434.0892,638.0,660.0,660.0,645.5713647622171,657.02795,672.89246,893.0,950.0,950.0,911.6460905052228,905.0039,876.0686,1775.0,1892.0,1892.0,1744.9781768965418,1766.9438,1595.274
2019-01-23,409.0,423.0,423.0,415.4857384562141,417.76126,422.02023,607.0,638.0,638.0,623.0483517061836,641.6964,652.1494,828.0,893.0,893.0,842.9870533586459,860.5412,831.40436,1726.0,1775.0,1775.0,1685.3006818078395,1667.7511,1527.893
2019-01-24,395.0,409.0,409.0,398.9529057765006,406.36307,410.97037,576.0,607.0,607.0,584.2718234927568,599.63086,626.50073,748.0,828.0,828.0,775.4095574577782,792.44977,773.1467,1730.0,1726.0,1726.0,1686.7617863665114,1636.5,1541.2169
2019-01-25,384.0,395.0,395.0,385.1133684578406,391.7154,399.36368,552.0,576.0,576.0,554.4033155247652,575.0751,600.0136,687.0,748.0,748.0,680.9548945463382,733.6838,706.52747,1631.0,1730.0,1730.0,1717.4976225498358,1667.664,1561.7096
2019-01-28,368.0,384.0,384.0,375.0966622192295,379.224,389.42728,526.0,552.0,552.0,534.1577114024568,551.6262,577.7633,644.0,687.0,687.0,643.1408004485592,657.0611,666.6869,1508.0,1631.0,1631.0,1562.6498349711956,1554.0884,1513.3877
2019-01-29,347.0,368.0,368.0,356.0401151339199,366.4032,377.35797,498.0,526.0,526.0,506.5060943558879,533.9129,562.73047,612.0,644.0,644.0,622.6712910122274,617.98,647.4372,1295.0,1508.0,1508.0,1456.055355028052,1474.612,1476.1792
2019-01-30,328.0,347.0,347.0,331.5351804680322,344.49823,365.86096,472.0,498.0,498.0,476.7893406970522,521.65906,545.4911,574.0,612.0,612.0,597.4188109044699,588.0416,637.26416,1116.0,1295.0,1295.0,1198.805434127919,1293.0228,1375.147
2019-01-31,311.0,328.0,328.0,313.8702470091212,328.55997,352.6037,450.0,472.0,472.0,454.2162198115832,505.54144,524.3578,560.0,574.0,574.0,548.5085979287737,556.9613,616.43115,1014.0,1116.0,1116.0,1043.9976234856997,1071.4315,1264.5789
2019-02-01,301.0,311.0,311.0,297.7253923547797,312.19504,342.58188,438.0,450.0,450.0,434.6188772140969,483.93033,506.28378,552.0,560.0,560.0,563.3716411114907,554.46844,619.6139,984.0,1014.0,1014.0,971.7759451307128,967.1854,1224.0359
2019-02-04,294.0,301.0,301.0,291.2049473845566,303.82913,334.09247,423.0,438.0,438.0,431.825998840193,472.27042,490.60428,553.0,552.0,552.0,562.2987291836781,551.3869,630.65894,972.0,984.0,984.0,982.7477176261452,934.32446,1185.9462
2019-02-05,294.0,294.0,294.0,285.9520899970886,293.73105,324.3853,415.0,423.0,423.0,415.0985495036583,459.42856,475.3148,553.0,553.0,553.0,571.1341239360531,558.2448,629.1859,929.0,972.0,972.0,959.8454681954416,927.488,1146.872
2019-02-06,290.0,294.0,294.0,292.1224191331693,294.8574,316.42517,414.0,415.0,415.0,414.9007230420885,450.76984,463.84363,561.0,553.0,553.0,568.7879176394453,560.3415,629.1452,846.0,929.0,929.0,872.6530088576902,869.97565,1076.9725
2019-02-07,290.0,290.0,290.0,287.7806517282672,294.04382,301.32092,415.0,414.0,414.0,420.1908177886454,449.24713,460.67816,574.0,561.0,561.0,581.367284383459,574.2356,633.42865,792.0,846.0,846.0,709.6568369776988,796.10846,984.7908
2019-02-08,292.0,290.0,290.0,292.1267365439045,295.19373,294.24258,429.0,415.0,415.0,423.153985298471,448.6116,448.00046,586.0,574.0,574.0,597.236954570583,580.88324,638.416,736.0,792.0,792.0,671.6316674432019,755.6065,915.57184
2019-02-11,296.0,292.0,292.0,296.9349058692809,296.71384,294.29834,454.0,429.0,429.0,446.48914241444766,457.57693,450.0581,600.0,586.0,586.0,606.8215355056328,592.45703,656.7317,711.0,736.0,736.0,591.3370312777442,696.95734,855.10284
2019-02-12,302.0,296.0,296.0,303.1108297887,304.13425,302.20422,478.0,454.0,454.0,481.4712122151553,476.05844,471.3445,611.0,600.0,600.0,623.2859878965611,618.26483,681.07056,707.0,711.0,711.0,600.3441521611103,664.68665,855.50946
2019-02-13,311.0,302.0,302.0,309.1071872939391,314.98306,312.01108,526.0,478.0,478.0,506.2717814974553,500.73676,493.39133,619.0,611.0,611.0,632.6349413072435,624.82837,691.2512,729.0,707.0,707.0,622.7711755832231,670.768,874.46967
2019-02-14,315.0,311.0,311.0,321.7606900977242,321.4527,326.09302,560.0,526.0,526.0,571.868461762653,526.30927,547.25134,624.0,619.0,619.0,635.69607276416,616.2391,710.18976,727.0,729.0,729.0,651.3999524587617,757.5663,893.45593
2019-02-15,322.0,315.0,315.0,322.7083386116225,320.45105,326.90665,594.0,560.0,560.0,594.1092793105526,554.77966,577.1933,628.0,624.0,624.0,638.3130653206557,631.35364,708.7411,713.0,727.0,727.0,639.4310697447338,746.3599,892.5376
2019-02-18,335.0,322.0,322.0,331.49039379931014,328.55624,327.95654,625.0,594.0,594.0,625.3757062388738,581.4728,599.9423,639.0,628.0,628.0,639.8557443915142,635.2266,698.28564,650.0,713.0,713.0,621.726088559466,681.0201,853.96313
2019-02-19,345.0,335.0,335.0,348.51760263496203,338.93045,338.9932,649.0,625.0,625.0,652.0216110587094,622.02374,627.1284,649.0,639.0,639.0,652.7190839209197,650.70044,701.97284,578.0,650.0,650.0,529.641761381668,584.47845,784.6213
2019-02-20,353.0,345.0,345.0,355.14179642746524,349.7937,339.23236,686.0,649.0,649.0,669.2959015324159,653.4758,642.1678,657.0,649.0,649.0,662.0732433637015,658.9987,702.42664,570.0,578.0,578.0,508.2128752246033,577.2509,733.568
2019-02-21,359.0,353.0,353.0,362.078759807694,357.64023,348.21497,707.0,686.0,686.0,710.0325520429872,683.965,684.93665,666.0,657.0,657.0,664.3047531679172,672.3475,716.20984,545.0,570.0,570.0,530.898800924527,573.65765,757.828
2019-02-22,366.0,359.0,359.0,367.6302457128824,361.241,351.21497,721.0,707.0,707.0,721.0408039344863,718.90094,697.2175,685.0,666.0,666.0,675.9359892486141,672.0892,721.85315,520.0,545.0,545.0,487.7619777525774,558.84656,756.66644
2019-02-25,372.0,366.0,366.0,375.0706966572294,371.87634,358.41934,729.0,721.0,721.0,730.50289647949,728.52673,705.4449,713.0,685.0,685.0,706.1004878136387,710.531,734.7244,522.0,520.0,520.0,476.55214724064217,489.13058,753.58905
2019-02-26,382.0,372.0,372.0,378.6631096662588,376.07986,361.27127,738.0,729.0,729.0,737.2735261783864,737.82336,710.74646,752.0,713.0,713.0,742.9532437142192,742.1542,756.10474,500.0,522.0,522.0,511.3717621469373,516.55695,769.75256
2019-02-27,388.0,382.0,382.0,390.9026839223155,384.8273,370.6062,749.0,738.0,738.0,749.5594548272122,751.4456,720.8573,813.0,752.0,752.0,790.4942213957386,782.7625,792.348,459.0,500.0,500.0,485.2818218546281,484.4106,751.45886
2019-02-28,393.0,388.0,388.0,396.3092216286037,395.2369,372.87775,759.0,749.0,749.0,758.5495085724834,763.72327,733.022,863.0,813.0,813.0,869.1598934208339,846.815,847.88995,383.0,459.0,459.0,442.520154139233,463.86426,715.84607
2019-03-01,397.0,393.0,393.0,400.5139155402857,397.39572,376.4607,767.0,759.0,759.0,767.1642778288469,772.7818,745.2025,900.0,863.0,863.0,900.1677426630009,891.3699,887.98926,355.0,383.0,383.0,348.68064344231334,412.54,613.271
2019-03-04,407.0,397.0,397.0,403.71813513679535,401.05948,379.7074,776.0,767.0,767.0,771.1135754779912,778.43915,752.64215,924.0,900.0,900.0,920.7349914036216,913.63165,924.81635,299.0,355.0,355.0,373.3785152716248,375.1985,564.8274
2019-03-05,413.0,407.0,407.0,417.28710476324966,411.79562,399.04205,783.0,776.0,776.0,782.0160300124404,787.8025,776.31696,938.0,924.0,924.0,928.6706771419427,930.39264,946.06396,270.0,299.0,299.0,278.2731796202727,350.3316,514.60693
2019-03-06,418.0,413.0,413.0,419.48141601261534,420.1918,406.32434,790.0,783.0,783.0,786.0739856306919,793.06024,786.26434,926.0,938.0,938.0,937.4980119755414,948.38696,951.7721,236.0,270.0,270.0,288.2763030300748,358.9081,499.49878
2019-03-07,421.0,418.0,418.0,424.1465392081924,423.55087,411.7368,790.0,790.0,790.0,791.6205587616032,797.0915,795.07324,894.0,926.0,926.0,897.9055801910325,912.3433,928.67584,235.0,236.0,236.0,211.13244852000776,331.28415,476.34265
2019-03-08,424.0,421.0,421.0,425.0654228032276,423.9913,414.53152,790.0,790.0,790.0,785.2162274857147,786.8089,790.1405,866.0,894.0,894.0,851.8782971417403,868.41595,884.6282,250.0,235.0,235.0,238.4621648324892,333.69992,516.7036
2019-03-11,429.0,424.0,424.0,428.3825552468134,427.3221,420.03546,789.0,790.0,790.0,786.7421900935697,786.68896,792.614,839.0,866.0,866.0,838.0778907696638,842.0867,862.98016,278.0,250.0,250.0,257.5675726502568,349.09058,575.60693
2019-03-12,430.0,429.0,429.0,432.42669939490935,432.85953,428.8314,789.0,789.0,789.0,787.9452120592046,784.00586,797.8544,823.0,839.0,839.0,809.9184799758071,818.26025,847.22516,327.0,278.0,278.0,323.8078517947936,397.68683,637.11414
2019-03-13,434.0,430.0,430.0,431.1619382320953,429.35794,427.49008,786.0,789.0,789.0,787.6734843953678,783.6153,798.0017,841.0,823.0,823.0,805.7366512587726,809.6783,835.3319,403.0,327.0,327.0,398.3378324011055,404.17987,694.20624
2019-03-14,437.0,434.0,434.0,437.1985833204186,435.03656,431.36456,786.0,786.0,786.0,785.7537923684005,781.904,793.0805,883.0,841.0,841.0,855.1948146760839,869.1637,872.3762,520.0,403.0,403.0,489.2923184619476,482.6475,827.99756
2019-03-15,440.0,437.0,437.0,440.4034738466811,439.58002,433.10843,787.0,786.0,786.0,786.1805592646064,785.7725,793.16614,905.0,883.0,883.0,911.797459319944,912.61725,922.4472,476.0,520.0,520.0,623.3471898350094,568.5724,1047.4906
2019-03-18,443.0,440.0,440.0,442.8375336225661,441.7767,434.40973,789.0,787.0,787.0,786.3789353492856,785.6407,795.8448,922.0,905.0,905.0,903.1777715318188,920.1117,935.1862,421.0,476.0,476.0,441.8428210198492,491.6109,890.0263
2019-03-19,446.0,443.0,443.0,445.1972546728565,444.998,435.4506,796.0,789.0,789.0,786.8133816081224,787.7817,800.5736,962.0,922.0,922.0,922.882064930142,934.3664,947.11237,399.0,421.0,421.0,405.3349512465395,451.02365,764.0042
2019-03-20,449.0,446.0,446.0,449.0249148666911,447.67148,436.02655,813.0,796.0,796.0,799.99927777993,795.8506,806.5075,1009.0,962.0,962.0,991.034261860232,995.22784,984.19617,288.0,399.0,399.0,446.7032120472584,420.36008,753.53296
2019-03-21,455.0,449.0,449.0,453.6291962468905,451.01877,433.73737,826.0,813.0,813.0,821.9309732969625,821.205,814.3304,1027.0,1009.0,1009.0,1034.9072091692617,1044.0679,999.8108,251.0,288.0,288.0,224.58759845100712,370.37573,655.10626
2019-03-22,458.0,455.0,455.0,460.74782614657295,461.3204,442.99707,830.0,826.0,826.0,829.8312640540196,838.8564,829.73706,1036.0,1027.0,1027.0,1018.1146002576496,1041.7156,1019.2257,230.0,251.0,251.0,292.1905264516229,333.71365,660.55115
2019-03-25,463.0,458.0,458.0,461.21735482418393,460.66803,443.58188,833.0,830.0,830.0,828.1637526921417,835.6439,827.8267,1053.0,1036.0,1036.0,1025.1763798676357,1037.7325,1015.46295,190.0,230.0,230.0,276.7760712653528,344.91052,653.295
2019-03-26,466.0,463.0,463.0,468.1878033197087,468.23694,447.79224,831.0,833.0,833.0,835.4783107230808,838.37036,823.9539,1056.0,1053.0,1053.0,1061.0206157931066,1068.7349,1015.64484,178.0,190.0,190.0,185.26824150863308,328.01175,592.3037
2019-03-27,467.0,466.0,466.0,469.5514124910913,468.29285,451.26172,823.0,831.0,831.0,827.4302681316219,827.68207,826.86395,1087.0,1056.0,1056.0,1040.0242533995215,1055.804,1015.51843,167.0,178.0,178.0,197.3367780078247,316.15656,575.97107
2019-03-28,464.0,467.0,467.0,469.1194448422575,466.05978,448.09814,813.0,823.0,823.0,818.2102518532057,818.03864,816.35516,1102.0,1087.0,1087.0,1105.638730142257,1101.0189,1039.2214,150.0,167.0,167.0,192.60060776310297,313.16785,568.464
2019-03-29,461.0,464.0,464.0,463.4083794312876,462.2302,441.9986,807.0,813.0,813.0,806.8173863339308,804.8555,809.7771,1110.0,1102.0,1102.0,1099.816082295825,1117.5812,1039.5264,122.0,150.0,150.0,154.26291508499162,310.44574,524.40356
2019-04-01,455.0,461.0,461.0,461.808676420569,456.326,437.81464,795.0,807.0,807.0,802.5029131911313,800.6457,809.85474,1120.0,1110.0,1110.0,1103.889286462406,1123.3859,1039.8184,92.0,122.0,122.0,91.104973101807,313.34634,442.1134
2019-04-02,448.0,455.0,455.0,454.0212632831928,449.2828,428.38797,775.0,795.0,795.0,784.4761742388615,781.82056,804.8913,1127.0,1120.0,1120.0,1116.5168345668617,1134.9736,1037.3289,104.0,92.0,92.0,51.18322345184743,326.768,364.28308
2019-04-03,437.0,448.0,448.0,443.18093469151137,442.69635,430.75485,757.0,775.0,775.0,759.930092950235,761.796,792.82135,1124.0,1127.0,1127.0,1126.949304622854,1129.446,1046.092,210.0,104.0,104.0,194.48686460425915,352.10355,443.89075
2019-04-04,432.0,437.0,437.0,428.99497545742776,433.38147,430.15875,742.0,757.0,757.0,741.6254341684393,745.2345,794.07263,1114.0,1124.0,1124.0,1093.1023456067303,1111.8857,986.47577,276.0,210.0,210.0,242.25023172904253,409.4264,864.1341
2019-04-05,425.0,432.0,432.0,425.0941466457088,427.72083,427.21054,733.0,742.0,742.0,729.417017832343,730.993,779.15857,1101.0,1114.0,1114.0,1088.0480805115676,1103.8992,976.12225,312.0,276.0,276.0,428.0397431238225,419.729,828.54956
2019-04-08,419.0,425.0,425.0,417.7997574245673,420.38983,424.80838,726.0,733.0,733.0,719.4907048993758,722.00104,770.1294,1085.0,1101.0,1101.0,1078.6096472227027,1096.6305,978.2433,375.0,312.0,312.0,452.7851847495094,408.44876,840.84436
2019-04-09,411.0,419.0,419.0,416.4156209602587,414.89624,426.16013,718.0,726.0,726.0,708.3208246763451,718.4786,764.6359,1074.0,1085.0,1085.0,1055.3104330747976,1071.1648,977.2651,428.0,375.0,375.0,534.9874627630882,499.89282,934.118
2019-04-10,406.0,411.0,411.0,407.4601689250274,409.25153,420.2843,715.0,718.0,718.0,701.4236422274195,710.96405,750.96124,1071.0,1074.0,1074.0,1046.2847052145346,1064.2844,979.4803,423.0,428.0,428.0,572.9673901493238,526.96735,981.70526
2019-04-11,403.0,406.0,406.0,402.0274005453438,405.4192,418.37845,711.0,715.0,715.0,712.7346209687892,704.5826,744.4828,1073.0,1071.0,1071.0,1058.181492752431,1071.3232,990.9769,418.0,423.0,423.0,540.6506607521708,458.45197,965.24506
2019-04-12,399.0,403.0,403.0,399.45612197153616,402.5486,417.35184,714.0,711.0,711.0,711.1563659591673,703.5055,744.66095,1092.0,1073.0,1073.0,1064.782681946474,1074.5583,998.8161,445.0,418.0,418.0,550.5930695353361,452.08127,962.77545
2019-04-15,397.0,399.0,399.0,395.7164043594922,398.2025,412.98163,718.0,714.0,714.0,722.2480988221324,709.90704,712.32306,1119.0,1092.0,1092.0,1102.1383591065792,1107.2683,1032.4207,459.0,445.0,445.0,530.0498641209299,490.22678,928.8795
2019-04-16,394.0,397.0,397.0,395.6898376523681,395.443,409.08154,726.0,718.0,718.0,729.1597622075747,718.70337,709.24585,1147.0,1119.0,1119.0,1133.2230129516424,1136.6085,1057.9387,463.0,459.0,459.0,539.8454535518263,478.72723,856.0596
2019-04-17,390.0,394.0,394.0,393.2338889353238,392.70074,403.0633,732.0,726.0,726.0,738.5648092788298,730.3047,720.8922,1162.0,1147.0,1147.0,1158.6914062620797,1166.5839,1081.8503,490.0,463.0,463.0,521.4909180394113,485.5086,780.2941
2019-04-18,391.0,390.0,390.0,388.469915814135,388.04272,402.0111,751.0,732.0,732.0,743.8165292069134,739.57294,730.3801,1171.0,1162.0,1162.0,1159.2358500937146,1180.5369,1084.5338,572.0,490.0,490.0,546.3204715709164,517.4227,787.0197
2019-04-23,392.0,391.0,391.0,392.2004831379148,393.42715,410.0968,773.0,751.0,751.0,773.6236197455302,768.35675,757.4509,1177.0,1171.0,1171.0,1168.057533752789,1181.3816,1102.3678,648.0,572.0,572.0,712.0288355456438,655.4957,903.8751
2019-04-24,391.0,392.0,392.0,393.7048096267715,394.4747,409.19135,781.0,773.0,773.0,794.9525344894056,787.4311,781.075,1182.0,1177.0,1177.0,1169.869961721503,1182.4901,1108.3357,691.0,648.0,648.0,728.1957260420309,734.48267,955.2288
2019-04-25,389.0,391.0,391.0,391.0022521268301,393.16605,407.20575,780.0,781.0,781.0,793.5857257575466,786.5627,779.47015,1186.0,1182.0,1182.0,1174.4513442787477,1180.5918,1097.641,783.0,691.0,691.0,743.7431900215495,758.10675,942.74133
2019-04-26,386.0,389.0,389.0,388.9302107208409,389.9426,406.5368,777.0,780.0,780.0,788.5921953789349,773.41943,771.6658,1189.0,1186.0,1186.0,1176.3105881876504,1179.772,1085.7303,884.0,783.0,783.0,875.4194274257734,881.2658,1023.6745
2019-04-29,384.0,386.0,386.0,386.2726092652034,387.07617,403.511,768.0,777.0,777.0,785.9611409146364,770.75635,763.9365,1188.0,1189.0,1189.0,1179.9900724014435,1182.0355,1079.9049,1276.0,884.0,884.0,957.3414934169472,939.9537,1108.9556
2019-04-30,386.0,384.0,384.0,385.1454987506887,386.3694,410.03287,763.0,768.0,768.0,770.982247485442,761.90344,766.6744,1187.0,1188.0,1188.0,1173.8631880670766,1175.3392,1071.7225,1389.0,1276.0,1276.0,1481.924598256959,1344.3552,1561.2842
2019-05-01,384.0,386.0,386.0,388.33450037285775,390.0762,411.28122,755.0,763.0,763.0,766.4503736229982,760.20605,762.9595,1189.0,1187.0,1187.0,1169.4661560341897,1175.2905,1082.2018,1420.0,1389.0,1389.0,1410.9664931979908,1443.6255,1574.9427
2019-05-02,382.0,384.0,384.0,384.2945246609112,386.19678,409.61768,752.0,755.0,755.0,754.2728091791284,748.80743,753.8874,1190.0,1189.0,1189.0,1183.9295062638264,1180.9515,1086.8986,1290.0,1420.0,1420.0,1506.826163201602,1417.1063,1533.144
2019-05-03,382.0,382.0,382.0,383.2070440631613,383.1546,403.96362,761.0,752.0,752.0,748.2994008903186,749.1477,752.17957,1189.0,1190.0,1190.0,1172.0784698792888,1180.3042,1087.7013,1119.0,1290.0,1290.0,1279.8711539123542,1221.7871,1341.7633
2019-05-07,382.0,382.0,382.0,386.4441322230241,384.93546,404.67633,770.0,761.0,761.0,768.118670915284,767.48895,767.4245,1188.0,1189.0,1189.0,1174.292734441446,1174.7776,1096.761,1159.0,1119.0,1119.0,1106.181487353682,1062.7454,1191.8047
2019-05-08,382.0,382.0,382.0,385.3885414528687,385.10788,406.16257,776.0,770.0,770.0,780.4824957416596,775.90924,775.2392,1193.0,1188.0,1188.0,1179.17726290775,1175.1248,1105.7905,1270.0,1159.0,1159.0,1261.8558907600425,1178.6328,1282.4279
2019-05-09,382.0,382.0,382.0,384.3602825239236,384.97647,406.15204,779.0,776.0,776.0,786.5925320253458,783.1591,767.435,1198.0,1193.0,1193.0,1190.8023021735255,1198.1787,1114.4425,1371.0,1270.0,1270.0,1411.8318511878142,1374.098,1399.1001
2019-05-10,382.0,382.0,382.0,384.780225108282,385.30048,405.6886,782.0,779.0,779.0,791.2044975582066,783.4648,754.4807,1211.0,1198.0,1198.0,1194.3136382983366,1197.7839,1115.2494,1405.0,1371.0,1371.0,1466.8079423878826,1485.7631,1480.0442
2019-05-13,381.0,382.0,382.0,385.614552725598,385.6084,404.14682,783.0,782.0,782.0,795.626249719437,783.61884,755.36456,1229.0,1211.0,1211.0,1217.7338936225913,1208.3763,1125.5325,1462.0,1405.0,1405.0,1453.2874682092208,1431.4014,1477.0471
2019-05-14,381.0,381.0,381.0,384.0678820951951,383.19363,405.57285,784.0,783.0,783.0,794.7184185320004,783.1008,753.25574,1243.0,1229.0,1229.0,1244.7023949719746,1244.0957,1134.2922,1417.0,1462.0,1462.0,1571.836848525218,1507.5132,1523.6926
2019-05-15,383.0,381.0,381.0,384.8426852851301,381.32056,404.80566,783.0,784.0,784.0,794.0340133318957,785.0386,756.7486,1252.0,1243.0,1243.0,1244.9236432143985,1254.7122,1142.9667,1428.0,1417.0,1417.0,1423.4809876937363,1400.7664,1433.9042
2019-05-16,385.0,383.0,383.0,387.4205974780119,386.68198,410.27768,780.0,783.0,783.0,792.0713225604779,783.99963,763.01624,1255.0,1252.0,1252.0,1248.7403564927547,1249.3163,1147.5146,1463.0,1428.0,1428.0,1460.643370568454,1431.476,1429.605
2019-05-17,386.0,385.0,385.0,389.2769419432189,390.7829,414.8797,778.0,780.0,780.0,787.9022460126637,777.0711,765.83606,1256.0,1255.0,1255.0,1246.6431162040906,1250.4742,1143.8604,1470.0,1463.0,1463.0,1493.0074217013237,1487.0272,1437.7781
2019-05-20,388.0,386.0,386.0,389.48228840210726,389.35074,416.2033,777.0,778.0,778.0,785.6368050271524,775.57214,767.1115,1258.0,1256.0,1256.0,1248.2266139681626,1251.0,1137.072,1501.0,1470.0,1470.0,1484.9002450776704,1435.7388,1412.1926
2019-05-21,389.0,388.0,388.0,393.042509916786,393.32715,420.49576,778.0,777.0,777.0,782.3426971172908,771.64905,771.48126,1268.0,1258.0,1258.0,1256.966626782411,1251.4827,1140.3466,1537.0,1501.0,1501.0,1552.8537828891172,1560.9034,1429.5751
2019-05-22,391.0,389.0,389.0,393.8510054160444,393.2397,422.1173,779.0,778.0,778.0,783.6174047704955,776.9596,777.55206,1287.0,1268.0,1268.0,1275.539694830713,1284.3615,1151.9868,1558.0,1537.0,1537.0,1588.9866087567702,1588.712,1453.6006
2019-05-23,393.0,391.0,391.0,395.85464223630447,396.3429,425.37213,778.0,779.0,779.0,784.8675180078294,777.4317,781.5887,1304.0,1287.0,1287.0,1300.7555500192216,1315.0864,1172.8971,1545.0,1558.0,1558.0,1588.413580481793,1583.439,1472.8008
2019-05-24,394.0,393.0,393.0,397.4843936361792,396.44986,427.7749,771.0,778.0,778.0,784.6479419642696,776.84106,779.5151,1322.0,1304.0,1304.0,1315.2359495971978,1320.5903,1184.4557,1585.0,1545.0,1545.0,1580.319030034134,1552.3735,1443.561
2019-05-28,395.0,394.0,394.0,397.85642555720926,396.55792,427.96585,763.0,771.0,771.0,775.0267956295519,765.3127,772.36237,1337.0,1322.0,1322.0,1336.0324028656776,1339.3274,1188.068,1659.0,1585.0,1585.0,1654.4321225345193,1636.6633,1454.6816
2019-05-29,397.0,395.0,395.0,398.74052669256,396.79083,428.83722,756.0,763.0,763.0,767.0464244023664,762.19794,767.46826,1340.0,1337.0,1337.0,1346.429560393743,1351.5543,1192.1901,1623.0,1659.0,1659.0,1713.2197103560743,1710.0438,1542.1356
2019-05-30,398.0,397.0,397.0,401.63579098544216,401.1489,428.16324,752.0,756.0,756.0,759.8119636389878,754.75446,761.81635,1335.0,1340.0,1340.0,1338.5167923360627,1339.9264,1188.174,1620.0,1623.0,1623.0,1606.8072201495606,1597.7026,1456.6937
2019-05-31,401.0,398.0,398.0,402.320824053346,402.70956,429.71863,748.0,752.0,752.0,756.4030250119771,754.13403,762.8807,1325.0,1335.0,1335.0,1328.3240429896107,1335.0267,1183.3567,1650.0,1620.0,1620.0,1624.5081147910328,1600.367,1438.3931
2019-06-03,403.0,401.0,401.0,406.29414923847366,404.47083,433.68896,739.0,748.0,748.0,752.7233751843862,753.55615,763.53754,1304.0,1325.0,1325.0,1318.1948089565196,1306.2734,1176.1367,1739.0,1650.0,1650.0,1658.7968433210233,1676.9454,1463.704
2019-06-04,405.0,403.0,403.0,406.78415898071535,404.06543,434.6783,731.0,739.0,739.0,740.0379714973888,742.1386,755.3381,1285.0,1304.0,1304.0,1286.5124971601756,1281.2462,1149.2377,1806.0,1739.0,1739.0,1786.9398876577416,1780.3085,1541.9995
2019-06-05,408.0,405.0,405.0,408.80153739906496,409.35934,434.54355,726.0,731.0,731.0,732.9744920782468,733.19257,746.1293,1246.0,1285.0,1285.0,1271.0232932976303,1272.7859,1134.6592,1826.0,1806.0,1806.0,1845.5106293842332,1874.137,1607.0242
2019-06-06,412.0,408.0,408.0,412.46155998436393,413.71265,434.93576,719.0,726.0,726.0,728.7786737371171,727.1071,742.13934,1213.0,1246.0,1246.0,1212.9483740501487,1219.3019,1103.2874,1862.0,1826.0,1826.0,1872.435090924314,1843.135,1586.75
2019-06-07,411.0,412.0,412.0,416.7071001791135,417.20297,437.79642,717.0,719.0,719.0,718.9203393252186,719.8854,736.6454,1187.0,1213.0,1213.0,1187.1303089484077,1169.568,1082.44,1848.0,1862.0,1862.0,1921.3945999904413,1938.5115,1606.9375
2019-06-10,414.0,411.0,411.0,413.0949131402781,413.1891,432.71527,714.0,717.0,717.0,717.3495131248109,715.5055,734.3252,1166.0,1187.0,1187.0,1170.4362595776922,1155.8906,1079.4083,1798.0,1848.0,1848.0,1856.7299067230592,1858.8042,1627.6305
2019-06-11,416.0,414.0,414.0,418.46575370385534,416.92392,432.681,712.0,714.0,714.0,717.0843808505376,710.46344,731.6324,1149.0,1166.0,1166.0,1150.948229126971,1153.717,1078.1914,1746.0,1798.0,1798.0,1792.864485102907,1763.7285,1570.6199
2019-06-12,419.0,416.0,416.0,419.71571670890376,419.9417,433.02246,710.0,712.0,712.0,714.5485529711725,710.3651,729.98206,1137.0,1149.0,1149.0,1135.5167772678626,1132.7749,1077.9377,1718.0,1746.0,1746.0,1745.7419810485412,1663.8535,1534.8201
2019-06-13,420.0,419.0,419.0,423.6015592509232,422.95975,435.19543,716.0,710.0,710.0,713.8118826757233,711.51526,727.5369,1131.0,1137.0,1137.0,1134.1508724963294,1124.1997,1078.58,1800.0,1718.0,1718.0,1759.8466919696646,1695.7461,1520.0773
2019-06-14,422.0,420.0,420.0,423.0078552109545,422.8392,438.64493,720.0,716.0,716.0,724.7127924296267,726.12415,735.45,1125.0,1131.0,1131.0,1136.4060308993828,1117.8058,1091.3961,1826.0,1800.0,1800.0,1921.7792924857108,1872.0282,1698.3241
2019-06-17,428.0,422.0,422.0,426.6678539204912,424.75922,438.69135,728.0,720.0,720.0,727.3403069775576,724.92444,737.9929,1117.0,1125.0,1125.0,1127.689981300976,1111.395,1090.6204,1956.0,1826.0,1826.0,1887.1891657272383,1847.9354,1706.3921
2019-06-18,432.0,428.0,428.0,434.6011822063217,435.90808,447.5001,736.0,728.0,728.0,740.782307581775,739.9118,750.0198,1110.0,1117.0,1117.0,1120.8331508305027,1110.6427,1093.3563,2051.0,1956.0,1956.0,2083.652516304763,2049.3184,1865.1338
2019-06-19,437.0,432.0,432.0,437.3570781807259,433.96436,453.19107,743.0,736.0,736.0,746.9046785556908,747.9891,762.2149,1101.0,1110.0,1110.0,1111.761289352948,1104.333,1094.0089,2080.0,2051.0,2051.0,2134.155708969577,2119.3894,1964.1082
2019-06-20,440.0,437.0,437.0,442.5503506159842,441.30713,457.87186,751.0,743.0,743.0,754.1571718907115,753.7245,771.27216,1096.0,1101.0,1101.0,1099.9648418780134,1102.244,1091.3555,2278.0,2080.0,2080.0,2127.581460691237,2061.9832,1975.5619
2019-06-21,442.0,440.0,440.0,445.1501015483534,443.76083,461.64456,756.0,751.0,751.0,762.0000953867283,763.98376,781.78973,1111.0,1096.0,1096.0,1100.5538659025942,1102.904,1092.6761,2363.0,2278.0,2278.0,2432.530467651238,2344.3718,2154.6794
2019-06-24,442.0,442.0,442.0,446.86082163614833,445.45786,461.5464,765.0,756.0,756.0,764.7763251843261,766.29126,781.13336,1150.0,1111.0,1111.0,1137.453043138427,1133.0295,1118.0691,2389.0,2363.0,2363.0,2446.903780662512,2459.3767,2238.245
2019-06-25,442.0,442.0,442.0,445.39036484875567,446.36435,454.27405,774.0,765.0,765.0,774.7992901484299,778.46875,788.3469,1191.0,1150.0,1150.0,1194.9555186100708,1184.6488,1181.9119,2440.0,2389.0,2389.0,2460.438469950332,2418.823,2337.5435
2019-06-26,443.0,442.0,442.0,446.04696640478704,446.30783,451.3678,783.0,774.0,774.0,784.4333656681604,786.418,792.7733,1243.0,1191.0,1191.0,1233.184544497688,1221.3723,1227.3464,2465.0,2440.0,2440.0,2539.422918618422,2536.4663,2469.1458
2019-06-27,442.0,443.0,443.0,447.1656335683911,447.1631,452.24957,787.0,783.0,783.0,793.4189813995991,795.8517,798.3927,1286.0,1243.0,1243.0,1296.2730872347229,1283.7596,1284.8109,2488.0,2465.0,2465.0,2556.0167481967355,2500.807,2557.8435
2019-06-28,441.0,442.0,442.0,444.5058336359576,443.38837,451.77258,792.0,787.0,787.0,794.0799551786732,797.3281,794.01685,1317.0,1286.0,1286.0,1324.1620967615993,1324.6194,1309.3586,2557.0,2488.0,2488.0,2572.298429782725,2516.0317,2617.248
2019-07-01,439.0,441.0,441.0,444.0725574114836,440.32,452.9494,796.0,792.0,792.0,800.7281658620625,798.76697,797.54016,1370.0,1317.0,1317.0,1350.06943470783,1347.4102,1323.9797,2717.0,2557.0,2557.0,2658.4979451100903,2611.1936,2694.9292
2019-07-02,440.0,439.0,439.0,442.1233069998423,437.14462,458.44598,803.0,796.0,796.0,805.7187841248616,798.67523,802.5922,1433.0,1370.0,1370.0,1429.744365293715,1399.9578,1363.0986,2939.0,2717.0,2717.0,2881.662836159647,2805.1992,2860.9902
2019-07-03,443.0,440.0,440.0,444.7520954664272,440.643,464.348,814.0,803.0,803.0,817.0093445521779,819.8851,820.32764,1569.0,1433.0,1433.0,1497.2205955500986,1480.2113,1420.712,3298.0,2939.0,2939.0,3115.809791597748,2936.7085,3048.0537
2019-07-04,448.0,443.0,443.0,450.3345705281342,447.1062,475.4428,820.0,814.0,814.0,835.7077340959021,831.6582,834.2278,1665.0,1569.0,1569.0,1707.0713298094784,1589.1393,1489.5547,3346.0,3298.0,3298.0,3571.00960066063,3283.7458,3303.287
2019-07-05,454.0,448.0,448.0,454.93354211895263,453.25607,484.84116,829.0,820.0,820.0,834.0129464377834,836.6704,835.7399,1695.0,1665.0,1665.0,1735.6296298046163,1667.9036,1568.189,3260.0,3346.0,3346.0,3375.142228292249,3358.8904,3411.0264
2019-07-08,458.0,454.0,454.0,460.8265473073105,461.05777,493.78354,835.0,829.0,829.0,841.7050683008281,846.43726,840.8177,1739.0,1695.0,1695.0,1700.738308002096,1696.4384,1572.2955,3343.0,3260.0,3260.0,3214.106209775544,3184.8735,3395.2764
2019-07-09,463.0,458.0,458.0,465.4740755923872,463.58942,502.96814,845.0,835.0,835.0,847.702967159928,851.4353,842.9103,1791.0,1739.0,1739.0,1778.9542944555303,1755.1838,1574.249,3361.0,3343.0,3343.0,3437.318396907337,3322.6335,3484.9841
2019-07-10,468.0,463.0,463.0,471.4204696209725,470.6775,513.0631,860.0,845.0,845.0,859.5778463644258,863.2982,852.40314,1881.0,1791.0,1791.0,1838.7029563596443,1815.4551,1622.2534,3416.0,3361.0,3361.0,3399.956814336705,3323.5354,3513.7034
2019-07-11,472.0,468.0,468.0,477.5094671235775,475.02448,523.8362,879.0,860.0,860.0,879.4308481041654,876.9855,868.2535,1945.0,1881.0,1881.0,1958.9723822626463,1908.708,1682.9004,3541.0,3416.0,3416.0,3487.015178214978,3358.9084,3562.088
2019-07-12,472.0,472.0,472.0,480.81201444253446,477.93753,530.46045,888.0,879.0,879.0,898.4333470059775,897.2943,888.56396,1992.0,1945.0,1945.0,1989.7598862417883,1927.8093,1716.0625,3724.0,3541.0,3541.0,3621.9477245861344,3591.6824,3622.823
2019-07-15,477.0,472.0,472.0,477.52249680605337,475.10666,528.72076,905.0,888.0,888.0,897.8113998271012,902.4046,897.2106,2052.0,1992.0,1992.0,2026.737999000435,1954.4231,1725.343,3968.0,3724.0,3724.0,3798.4029048353686,3750.0916,3687.6123
2019-07-16,481.0,477.0,477.0,485.43893966965226,483.84668,538.11993,928.0,905.0,905.0,926.1207872399266,926.30426,913.96014,2085.0,2052.0,2052.0,2101.362763092529,1991.7983,1760.2456,4095.0,3968.0,3968.0,4068.8474679148426,3887.3345,3814.1184
2019-07-17,486.0,481.0,481.0,488.30965743343273,487.74905,547.03345,953.0,928.0,928.0,950.075115171852,950.7586,934.5728,2134.0,2085.0,2085.0,2110.985269925022,1995.3171,1800.1311,4256.0,4095.0,4095.0,4110.3609400919,4044.1558,3883.4368
2019-07-18,492.0,486.0,486.0,493.9565284263083,492.1491,550.44336,982.0,953.0,953.0,976.2580697936182,973.87604,951.51355,2170.0,2134.0,2134.0,2176.1408637104983,2014.0905,1831.5299,4379.0,4256.0,4256.0,4289.437814227992,4055.9026,3918.5176
2019-07-19,497.0,492.0,492.0,500.2111560256968,500.85828,550.97284,1002.0,982.0,982.0,1006.186996788915,996.135,968.15515,2201.0,2170.0,2170.0,2196.133631675583,2019.9177,1845.3208,4438.0,4379.0,4379.0,4366.896291009013,4045.808,3931.2737
2019-07-22,503.0,497.0,497.0,504.9655863862553,506.59073,555.8149,1017.0,1002.0,1002.0,1022.976364374932,1020.63336,977.3631,2219.0,2201.0,2201.0,2225.77274311175,2008.767,1872.3748,4315.0,4438.0,4438.0,4439.887224854437,4056.066,3947.5015
2019-07-23,506.0,503.0,503.0,511.1187061202298,511.98328,557.0524,1019.0,1017.0,1017.0,1031.9796241693148,1036.3505,994.068,2209.0,2219.0,2219.0,2229.4785076985304,1998.8389,1901.178,3808.0,4315.0,4315.0,4197.159087554906,3906.3274,3845.234
2019-07-24,512.0,506.0,506.0,510.9939088690555,514.42535,554.17926,1012.0,1019.0,1019.0,1018.1601253286752,1022.3312,987.0552,2180.0,2209.0,2209.0,2191.216278505329,1967.8545,1898.478,3609.0,3808.0,3808.0,3490.620829630704,3622.3318,3568.85
2019-07-25,515.0,512.0,512.0,518.9089450786595,519.982,559.663,1005.0,1012.0,1012.0,1012.6256471125132,1010.64496,996.73706,2109.0,2180.0,2180.0,2151.515495927036,1956.5815,1876.6223,3647.0,3609.0,3609.0,3485.71722662766,3537.8164,3514.546
2019-07-26,516.0,515.0,515.0,519.0695705710771,524.21716,562.11456,996.0,1005.0,1005.0,1002.2734361142036,1000.2813,1004.83453,2050.0,2109.0,2109.0,2046.4414066988625,1937.3511,1814.7739,3660.0,3647.0,3647.0,3605.405115216974,3706.9912,3514.3525
2019-07-29,516.0,516.0,516.0,518.1830303244813,523.0108,558.0852,988.0,996.0,996.0,992.2743056817012,990.5008,1000.893,1969.0,2050.0,2050.0,2009.3221077946384,1921.2438,1783.9812,3664.0,3660.0,3660.0,3577.837200762928,3694.9985,3459.1753
2019-07-30,516.0,516.0,516.0,517.0258055224598,522.1926,552.995,982.0,988.0,988.0,981.1051546170828,979.8814,994.6819,1891.0,1969.0,1969.0,1901.78440877581,1883.5189,1723.3994,3657.0,3664.0,3664.0,3571.2715607968835,3699.9253,3411.146
