vessel,target,feature,group,ridge_coefficient,ridge_abs_coef,xgboost_importance_pct
Handy,target_kobc_handy_next,australia_coal_lag_1,D_commodity_energy,23.7353,23.7353,0.0
Handy,target_kobc_handy_next,australia_coal_pct_change_1,D_commodity_energy,3.7588,3.7588,0.0
Handy,target_kobc_handy_next,australia_coal_pct_change_21,D_commodity_energy,-7.8449,7.8449,0.0
Handy,target_kobc_handy_next,brent_usd_bbl_lag_1,D_commodity_energy,46.2274,46.2274,0.0148
Handy,target_kobc_handy_next,brent_usd_bbl_pct_change_1,D_commodity_energy,8.0838,8.0838,0.0
Handy,target_kobc_handy_next,brent_usd_bbl_pct_change_5,D_commodity_energy,7.0252,7.0252,0.0215
Handy,target_kobc_handy_next,cal_day_of_week,H_calendar,-2.6585,2.6585,0.0
Handy,target_kobc_handy_next,cal_is_month_end,H_calendar,2.9445,2.9445,0.0
Handy,target_kobc_handy_next,cal_month,H_calendar,56.2001,56.2001,0.0
Handy,target_kobc_handy_next,cal_quarter,H_calendar,-92.5462,92.5462,0.0
Handy,target_kobc_handy_next,cross_kobc_cape_lag_1,B_cross_vessel_freight,-17.0928,17.0928,0.0157
Handy,target_kobc_handy_next,cross_kobc_cape_lag_5,B_cross_vessel_freight,-23.7526,23.7526,0.0
Handy,target_kobc_handy_next,cross_kobc_handy_lag_1,B_cross_vessel_freight,787.9529,787.9529,3.8472
Handy,target_kobc_handy_next,cross_kobc_handy_lag_5,B_cross_vessel_freight,703.3796,703.3796,0.0035
Handy,target_kobc_handy_next,cross_kobc_kdci_lag_1,B_cross_vessel_freight,87.3852,87.3852,0.0
Handy,target_kobc_handy_next,cross_kobc_kdci_lag_5,B_cross_vessel_freight,87.5882,87.5882,0.0203
Handy,target_kobc_handy_next,cross_kobc_panamax_lag_1,B_cross_vessel_freight,-79.686,79.686,0.0
Handy,target_kobc_handy_next,cross_kobc_panamax_lag_5,B_cross_vessel_freight,-58.5369,58.5369,0.0
Handy,target_kobc_handy_next,cross_kobc_supramax_lag_1,B_cross_vessel_freight,130.5395,130.5395,0.0615
Handy,target_kobc_handy_next,cross_kobc_supramax_lag_5,B_cross_vessel_freight,149.7873,149.7873,0.0007
Handy,target_kobc_handy_next,gpr_acts_diff_1,F_geopolitical_risk,27.0573,27.0573,0.0033
Handy,target_kobc_handy_next,gpr_acts_lag_1,F_geopolitical_risk,-4.5549,4.5549,0.0103
Handy,target_kobc_handy_next,gpr_acts_pct_change_1,F_geopolitical_risk,-14.539,14.539,0.0034
Handy,target_kobc_handy_next,gpr_diff_1,F_geopolitical_risk,-44.1634,44.1634,0.0
Handy,target_kobc_handy_next,gpr_lag_1,F_geopolitical_risk,16.5925,16.5925,0.0
Handy,target_kobc_handy_next,gpr_pct_change_1,F_geopolitical_risk,39.2377,39.2377,0.0
Handy,target_kobc_handy_next,gpr_spike_ratio_ma30,F_geopolitical_risk,-28.3934,28.3934,0.0
Handy,target_kobc_handy_next,gpr_spike_ratio_ma7,F_geopolitical_risk,-5.3835,5.3835,0.0
Handy,target_kobc_handy_next,gpr_threats_diff_1,F_geopolitical_risk,69.2272,69.2272,0.0
Handy,target_kobc_handy_next,gpr_threats_lag_1,F_geopolitical_risk,65.3488,65.3488,0.0
Handy,target_kobc_handy_next,gpr_threats_pct_change_1,F_geopolitical_risk,-15.9673,15.9673,0.0
Handy,target_kobc_handy_next,haldia_turnaround_time_days_lag_1,I_port_operational,-26.976,26.976,0.0124
Handy,target_kobc_handy_next,iron_ore_lag_1,D_commodity_energy,26.9655,26.9655,0.068
Handy,target_kobc_handy_next,iron_ore_pct_change_1,D_commodity_energy,8.0329,8.0329,0.0
Handy,target_kobc_handy_next,iron_ore_pct_change_21,D_commodity_energy,-3.3208,3.3208,0.0
Handy,target_kobc_handy_next,kobc_cape_diff_1,A_autoregressive_freight,-22.1317,22.1317,0.0044
Handy,target_kobc_handy_next,kobc_cape_diff_21,A_autoregressive_freight,-1.3892,1.3892,0.0481
Handy,target_kobc_handy_next,kobc_cape_diff_5,A_autoregressive_freight,9.3603,9.3603,0.0007
Handy,target_kobc_handy_next,kobc_cape_lag_1,A_autoregressive_freight,-17.0928,17.0928,0.0713
Handy,target_kobc_handy_next,kobc_cape_lag_10,A_autoregressive_freight,-46.3319,46.3319,0.015
Handy,target_kobc_handy_next,kobc_cape_lag_2,A_autoregressive_freight,107.7431,107.7431,0.0114
Handy,target_kobc_handy_next,kobc_cape_lag_21,A_autoregressive_freight,-18.4305,18.4305,0.0
Handy,target_kobc_handy_next,kobc_cape_lag_3,A_autoregressive_freight,44.6491,44.6491,0.007
Handy,target_kobc_handy_next,kobc_cape_lag_5,A_autoregressive_freight,-23.7526,23.7526,0.0
Handy,target_kobc_handy_next,kobc_cape_level,A_autoregressive_freight,-19.9393,19.9393,0.0526
Handy,target_kobc_handy_next,kobc_cape_log_return_1,A_autoregressive_freight,41.2859,41.2859,0.0049
Handy,target_kobc_handy_next,kobc_cape_log_return_5,A_autoregressive_freight,50.1506,50.1506,0.0102
Handy,target_kobc_handy_next,kobc_cape_pct_change_1,A_autoregressive_freight,-12.5466,12.5466,0.0
Handy,target_kobc_handy_next,kobc_cape_pct_change_21,A_autoregressive_freight,-15.5977,15.5977,0.0272
Handy,target_kobc_handy_next,kobc_cape_pct_change_5,A_autoregressive_freight,-57.6254,57.6254,0.0055
Handy,target_kobc_handy_next,kobc_cape_return_vol_30,A_autoregressive_freight,11.2302,11.2302,0.0091
Handy,target_kobc_handy_next,kobc_cape_return_vol_7,A_autoregressive_freight,47.5006,47.5006,0.0
Handy,target_kobc_handy_next,kobc_cape_roll_max_30,A_autoregressive_freight,146.5746,146.5746,0.0101
Handy,target_kobc_handy_next,kobc_cape_roll_max_7,A_autoregressive_freight,-123.0265,123.0265,0.0
Handy,target_kobc_handy_next,kobc_cape_roll_mean_30,A_autoregressive_freight,6.7953,6.7953,0.0295
Handy,target_kobc_handy_next,kobc_cape_roll_mean_7,A_autoregressive_freight,22.0167,22.0167,0.0
Handy,target_kobc_handy_next,kobc_cape_roll_min_30,A_autoregressive_freight,-83.2115,83.2115,0.0
Handy,target_kobc_handy_next,kobc_cape_roll_min_7,A_autoregressive_freight,-179.7637,179.7637,0.0355
Handy,target_kobc_handy_next,kobc_cape_roll_std_30,A_autoregressive_freight,6.0198,6.0198,0.0
Handy,target_kobc_handy_next,kobc_cape_roll_std_7,A_autoregressive_freight,-2.9056,2.9056,0.0079
Handy,target_kobc_handy_next,kobc_handy_diff_1,A_autoregressive_freight,64.8402,64.8402,0.0217
Handy,target_kobc_handy_next,kobc_handy_diff_21,A_autoregressive_freight,515.6824,515.6824,0.0179
Handy,target_kobc_handy_next,kobc_handy_diff_5,A_autoregressive_freight,585.4533,585.4533,0.0135
Handy,target_kobc_handy_next,kobc_handy_lag_1,A_autoregressive_freight,787.9529,787.9529,0.8397
Handy,target_kobc_handy_next,kobc_handy_lag_10,A_autoregressive_freight,115.3643,115.3643,0.0046
Handy,target_kobc_handy_next,kobc_handy_lag_2,A_autoregressive_freight,322.6523,322.6523,0.5922
Handy,target_kobc_handy_next,kobc_handy_lag_21,A_autoregressive_freight,569.7913,569.7913,0.0
Handy,target_kobc_handy_next,kobc_handy_lag_3,A_autoregressive_freight,298.1538,298.1538,0.0
Handy,target_kobc_handy_next,kobc_handy_lag_5,A_autoregressive_freight,703.3796,703.3796,0.0
Handy,target_kobc_handy_next,kobc_handy_level,A_autoregressive_freight,790.6797,790.6797,9.4654
Handy,target_kobc_handy_next,kobc_handy_log_return_1,A_autoregressive_freight,31.5955,31.5955,0.0476
Handy,target_kobc_handy_next,kobc_handy_log_return_5,A_autoregressive_freight,-81.1107,81.1107,0.0218
Handy,target_kobc_handy_next,kobc_handy_pct_change_1,A_autoregressive_freight,-21.2067,21.2067,0.0312
Handy,target_kobc_handy_next,kobc_handy_pct_change_21,A_autoregressive_freight,14.5143,14.5143,0.0158
Handy,target_kobc_handy_next,kobc_handy_pct_change_5,A_autoregressive_freight,73.0713,73.0713,0.0323
Handy,target_kobc_handy_next,kobc_handy_return_vol_30,A_autoregressive_freight,7.4797,7.4797,0.0
Handy,target_kobc_handy_next,kobc_handy_return_vol_7,A_autoregressive_freight,-3.6554,3.6554,0.0037
Handy,target_kobc_handy_next,kobc_handy_roll_max_30,A_autoregressive_freight,364.222,364.222,0.3842
Handy,target_kobc_handy_next,kobc_handy_roll_max_7,A_autoregressive_freight,506.0896,506.0896,0.876
Handy,target_kobc_handy_next,kobc_handy_roll_mean_30,A_autoregressive_freight,473.4173,473.4173,0.0
Handy,target_kobc_handy_next,kobc_handy_roll_mean_7,A_autoregressive_freight,551.1097,551.1097,0.0
Handy,target_kobc_handy_next,kobc_handy_roll_min_30,A_autoregressive_freight,584.4702,584.4702,0.0069
Handy,target_kobc_handy_next,kobc_handy_roll_min_7,A_autoregressive_freight,610.6105,610.6105,0.0
Handy,target_kobc_handy_next,kobc_handy_roll_std_30,A_autoregressive_freight,53.961,53.961,0.0
Handy,target_kobc_handy_next,kobc_handy_roll_std_7,A_autoregressive_freight,2.9481,2.9481,0.0
Handy,target_kobc_handy_next,kobc_kdci_diff_1,C_kdci_features,21.5273,21.5273,0.0208
Handy,target_kobc_handy_next,kobc_kdci_diff_21,C_kdci_features,34.7379,34.7379,0.2085
Handy,target_kobc_handy_next,kobc_kdci_diff_5,C_kdci_features,3.7542,3.7542,0.0624
Handy,target_kobc_handy_next,kobc_kdci_lag_1,C_kdci_features,87.3852,87.3852,0.0
Handy,target_kobc_handy_next,kobc_kdci_lag_10,C_kdci_features,-31.5943,31.5943,0.0
Handy,target_kobc_handy_next,kobc_kdci_lag_2,C_kdci_features,-6.8393,6.8393,0.0
Handy,target_kobc_handy_next,kobc_kdci_lag_21,C_kdci_features,66.543,66.543,0.0
Handy,target_kobc_handy_next,kobc_kdci_lag_3,C_kdci_features,-38.5038,38.5038,0.0
Handy,target_kobc_handy_next,kobc_kdci_lag_5,C_kdci_features,87.5882,87.5882,0.0
Handy,target_kobc_handy_next,kobc_kdci_level,C_kdci_features,88.9679,88.9679,0.1152
Handy,target_kobc_handy_next,kobc_kdci_log_return_1,C_kdci_features,-48.0056,48.0056,0.0086
Handy,target_kobc_handy_next,kobc_kdci_log_return_5,C_kdci_features,-92.4352,92.4352,0.036
Handy,target_kobc_handy_next,kobc_kdci_pct_change_1,C_kdci_features,58.0977,58.0977,0.0088
Handy,target_kobc_handy_next,kobc_kdci_pct_change_21,C_kdci_features,-21.1966,21.1966,0.0
Handy,target_kobc_handy_next,kobc_kdci_pct_change_5,C_kdci_features,70.3152,70.3152,0.0
Handy,target_kobc_handy_next,kobc_kdci_return_vol_30,C_kdci_features,23.9635,23.9635,0.0
Handy,target_kobc_handy_next,kobc_kdci_return_vol_7,C_kdci_features,-54.4309,54.4309,0.0
Handy,target_kobc_handy_next,kobc_kdci_roll_max_30,C_kdci_features,-344.1093,344.1093,2.831
Handy,target_kobc_handy_next,kobc_kdci_roll_max_7,C_kdci_features,169.1949,169.1949,0.0
Handy,target_kobc_handy_next,kobc_kdci_roll_mean_30,C_kdci_features,71.1131,71.1131,0.0
Handy,target_kobc_handy_next,kobc_kdci_roll_mean_7,C_kdci_features,59.5735,59.5735,0.0
Handy,target_kobc_handy_next,kobc_kdci_roll_min_30,C_kdci_features,181.0222,181.0222,0.0
Handy,target_kobc_handy_next,kobc_kdci_roll_min_7,C_kdci_features,174.2047,174.2047,0.0
Handy,target_kobc_handy_next,kobc_kdci_roll_std_30,C_kdci_features,-49.3137,49.3137,0.005
Handy,target_kobc_handy_next,kobc_kdci_roll_std_7,C_kdci_features,-10.2404,10.2404,0.0
Handy,target_kobc_handy_next,kobc_panamax_diff_1,A_autoregressive_freight,69.0847,69.0847,0.0372
Handy,target_kobc_handy_next,kobc_panamax_diff_21,A_autoregressive_freight,-72.7836,72.7836,0.0
Handy,target_kobc_handy_next,kobc_panamax_diff_5,A_autoregressive_freight,-73.0302,73.0302,0.0
Handy,target_kobc_handy_next,kobc_panamax_lag_1,A_autoregressive_freight,-79.686,79.686,0.0
Handy,target_kobc_handy_next,kobc_panamax_lag_10,A_autoregressive_freight,16.5254,16.5254,0.0
Handy,target_kobc_handy_next,kobc_panamax_lag_2,A_autoregressive_freight,-51.1776,51.1776,0.0
Handy,target_kobc_handy_next,kobc_panamax_lag_21,A_autoregressive_freight,-38.3071,38.3071,0.0
Handy,target_kobc_handy_next,kobc_panamax_lag_3,A_autoregressive_freight,-92.1593,92.1593,0.0
Handy,target_kobc_handy_next,kobc_panamax_lag_5,A_autoregressive_freight,-58.5369,58.5369,0.0116
Handy,target_kobc_handy_next,kobc_panamax_level,A_autoregressive_freight,-75.5297,75.5297,0.6204
Handy,target_kobc_handy_next,kobc_panamax_log_return_1,A_autoregressive_freight,-54.3102,54.3102,0.046
Handy,target_kobc_handy_next,kobc_panamax_log_return_5,A_autoregressive_freight,13.6567,13.6567,0.0
Handy,target_kobc_handy_next,kobc_panamax_pct_change_1,A_autoregressive_freight,-5.8949,5.8949,0.0
Handy,target_kobc_handy_next,kobc_panamax_pct_change_21,A_autoregressive_freight,80.6163,80.6163,0.0
Handy,target_kobc_handy_next,kobc_panamax_pct_change_5,A_autoregressive_freight,37.2894,37.2894,0.0
Handy,target_kobc_handy_next,kobc_panamax_return_vol_30,A_autoregressive_freight,12.0906,12.0906,0.0
Handy,target_kobc_handy_next,kobc_panamax_return_vol_7,A_autoregressive_freight,18.6857,18.6857,0.0179
Handy,target_kobc_handy_next,kobc_panamax_roll_max_30,A_autoregressive_freight,-31.3905,31.3905,2.1079
Handy,target_kobc_handy_next,kobc_panamax_roll_max_7,A_autoregressive_freight,116.7494,116.7494,0.0053
Handy,target_kobc_handy_next,kobc_panamax_roll_mean_30,A_autoregressive_freight,-3.365,3.365,0.0
Handy,target_kobc_handy_next,kobc_panamax_roll_mean_7,A_autoregressive_freight,-7.1218,7.1218,0.0
Handy,target_kobc_handy_next,kobc_panamax_roll_min_30,A_autoregressive_freight,161.4876,161.4876,0.0
Handy,target_kobc_handy_next,kobc_panamax_roll_min_7,A_autoregressive_freight,57.3216,57.3216,0.0
Handy,target_kobc_handy_next,kobc_panamax_roll_std_30,A_autoregressive_freight,42.3808,42.3808,0.0
Handy,target_kobc_handy_next,kobc_panamax_roll_std_7,A_autoregressive_freight,-20.4542,20.4542,0.0134
Handy,target_kobc_handy_next,kobc_supramax_diff_1,A_autoregressive_freight,118.6947,118.6947,0.0279
Handy,target_kobc_handy_next,kobc_supramax_diff_21,A_autoregressive_freight,80.519,80.519,0.0278
Handy,target_kobc_handy_next,kobc_supramax_diff_5,A_autoregressive_freight,-86.5788,86.5788,0.0268
Handy,target_kobc_handy_next,kobc_supramax_lag_1,A_autoregressive_freight,130.5395,130.5395,0.0608
Handy,target_kobc_handy_next,kobc_supramax_lag_10,A_autoregressive_freight,-93.6866,93.6866,0.0
Handy,target_kobc_handy_next,kobc_supramax_lag_2,A_autoregressive_freight,-230.0034,230.0034,0.0341
Handy,target_kobc_handy_next,kobc_supramax_lag_21,A_autoregressive_freight,98.0986,98.0986,0.0055
Handy,target_kobc_handy_next,kobc_supramax_lag_3,A_autoregressive_freight,-201.9127,201.9127,0.0
Handy,target_kobc_handy_next,kobc_supramax_lag_5,A_autoregressive_freight,149.7873,149.7873,0.0
Handy,target_kobc_handy_next,kobc_supramax_level,A_autoregressive_freight,135.5259,135.5259,46.5653
Handy,target_kobc_handy_next,kobc_supramax_log_return_1,A_autoregressive_freight,-161.7792,161.7792,0.0295
Handy,target_kobc_handy_next,kobc_supramax_log_return_5,A_autoregressive_freight,-87.9502,87.9502,0.0324
Handy,target_kobc_handy_next,kobc_supramax_pct_change_1,A_autoregressive_freight,140.0969,140.0969,0.009
Handy,target_kobc_handy_next,kobc_supramax_pct_change_21,A_autoregressive_freight,-55.6767,55.6767,0.0098
Handy,target_kobc_handy_next,kobc_supramax_pct_change_5,A_autoregressive_freight,117.6418,117.6418,0.009
Handy,target_kobc_handy_next,kobc_supramax_return_vol_30,A_autoregressive_freight,-5.6878,5.6878,0.0
Handy,target_kobc_handy_next,kobc_supramax_return_vol_7,A_autoregressive_freight,11.807,11.807,0.0033
Handy,target_kobc_handy_next,kobc_supramax_roll_max_30,A_autoregressive_freight,-175.481,175.481,0.2163
Handy,target_kobc_handy_next,kobc_supramax_roll_max_7,A_autoregressive_freight,-63.5778,63.5778,29.811
Handy,target_kobc_handy_next,kobc_supramax_roll_mean_30,A_autoregressive_freight,72.2188,72.2188,0.0
Handy,target_kobc_handy_next,kobc_supramax_roll_mean_7,A_autoregressive_freight,-5.8631,5.8631,0.0
Handy,target_kobc_handy_next,kobc_supramax_roll_min_30,A_autoregressive_freight,-117.8406,117.8406,0.0
Handy,target_kobc_handy_next,kobc_supramax_roll_min_7,A_autoregressive_freight,-84.4003,84.4003,0.042
Handy,target_kobc_handy_next,kobc_supramax_roll_std_30,A_autoregressive_freight,75.1617,75.1617,0.01
Handy,target_kobc_handy_next,kobc_supramax_roll_std_7,A_autoregressive_freight,-3.773,3.773,0.0087
Handy,target_kobc_handy_next,paradip_turnaround_time_days_lag_1,I_port_operational,6.5638,6.5638,0.0
Handy,target_kobc_handy_next,south_africa_coal_lag_1,D_commodity_energy,-84.9957,84.9957,0.0
Handy,target_kobc_handy_next,south_africa_coal_pct_change_1,D_commodity_energy,-28.2342,28.2342,0.0
Handy,target_kobc_handy_next,south_africa_coal_pct_change_21,D_commodity_energy,28.538,28.538,0.0
Handy,target_kobc_handy_next,usd_inr_lag_1,E_fx_macro,24.542,24.542,0.0709
Handy,target_kobc_handy_next,usd_inr_pct_change_1,E_fx_macro,0.1885,0.1885,0.0
Handy,target_kobc_handy_next,usd_inr_pct_change_5,E_fx_macro,5.5269,5.5269,0.0103
Handy,target_kobc_handy_next,visakhapatnam_turnaround_time_days_lag_1,I_port_operational,-74.1677,74.1677,0.0
Handy,target_kobc_handy_next,world_fleet_total_dwt_thousands_lag_1,I_port_operational,-36.318,36.318,0.0
Handy,target_kobc_handy_next,wti_usd_bbl_lag_1,D_commodity_energy,1.9821,1.9821,0.0
Handy,target_kobc_handy_next,wti_usd_bbl_pct_change_1,D_commodity_energy,3.7196,3.7196,0.0038
Handy,target_kobc_handy_next,wti_usd_bbl_pct_change_5,D_commodity_energy,1.153,1.153,0.0222
Supramax,target_kobc_supramax_next,australia_coal_lag_1,D_commodity_energy,-88.2438,88.2438,0.0149
Supramax,target_kobc_supramax_next,australia_coal_pct_change_1,D_commodity_energy,10.4685,10.4685,0.0
Supramax,target_kobc_supramax_next,australia_coal_pct_change_21,D_commodity_energy,-19.3332,19.3332,0.0
Supramax,target_kobc_supramax_next,brent_usd_bbl_lag_1,D_commodity_energy,-2.3934,2.3934,0.0232
Supramax,target_kobc_supramax_next,brent_usd_bbl_pct_change_1,D_commodity_energy,7.0037,7.0037,0.0166
Supramax,target_kobc_supramax_next,brent_usd_bbl_pct_change_5,D_commodity_energy,14.7735,14.7735,0.0531
Supramax,target_kobc_supramax_next,cal_day_of_week,H_calendar,-3.8055,3.8055,0.0
Supramax,target_kobc_supramax_next,cal_is_month_end,H_calendar,2.2438,2.2438,0.0
Supramax,target_kobc_supramax_next,cal_month,H_calendar,-2.2865,2.2865,0.0
Supramax,target_kobc_supramax_next,cal_quarter,H_calendar,11.6553,11.6553,0.0
Supramax,target_kobc_supramax_next,cross_kobc_cape_lag_1,B_cross_vessel_freight,-105.1349,105.1349,0.0666
Supramax,target_kobc_supramax_next,cross_kobc_cape_lag_5,B_cross_vessel_freight,-94.7753,94.7753,0.0
Supramax,target_kobc_supramax_next,cross_kobc_handy_lag_1,B_cross_vessel_freight,76.8185,76.8185,36.4559
Supramax,target_kobc_supramax_next,cross_kobc_handy_lag_5,B_cross_vessel_freight,42.4848,42.4848,0.0
Supramax,target_kobc_supramax_next,cross_kobc_kdci_lag_1,B_cross_vessel_freight,203.6982,203.6982,0.4101
Supramax,target_kobc_supramax_next,cross_kobc_kdci_lag_5,B_cross_vessel_freight,195.0174,195.0174,0.0
Supramax,target_kobc_supramax_next,cross_kobc_panamax_lag_1,B_cross_vessel_freight,-93.8289,93.8289,0.5003
Supramax,target_kobc_supramax_next,cross_kobc_panamax_lag_5,B_cross_vessel_freight,-73.6787,73.6787,0.0
Supramax,target_kobc_supramax_next,cross_kobc_supramax_lag_1,B_cross_vessel_freight,882.8179,882.8179,2.4466
Supramax,target_kobc_supramax_next,cross_kobc_supramax_lag_5,B_cross_vessel_freight,835.3112,835.3112,0.0
Supramax,target_kobc_supramax_next,gpr_acts_diff_1,F_geopolitical_risk,18.477,18.477,0.0
Supramax,target_kobc_supramax_next,gpr_acts_lag_1,F_geopolitical_risk,-3.5884,3.5884,0.0
Supramax,target_kobc_supramax_next,gpr_acts_pct_change_1,F_geopolitical_risk,-3.749,3.749,0.0
Supramax,target_kobc_supramax_next,gpr_diff_1,F_geopolitical_risk,-49.029,49.029,0.0
Supramax,target_kobc_supramax_next,gpr_lag_1,F_geopolitical_risk,-21.5584,21.5584,0.0
Supramax,target_kobc_supramax_next,gpr_pct_change_1,F_geopolitical_risk,36.0451,36.0451,0.0
Supramax,target_kobc_supramax_next,gpr_spike_ratio_ma30,F_geopolitical_risk,-1.9906,1.9906,0.0
Supramax,target_kobc_supramax_next,gpr_spike_ratio_ma7,F_geopolitical_risk,-18.3612,18.3612,0.0
Supramax,target_kobc_supramax_next,gpr_threats_diff_1,F_geopolitical_risk,60.9331,60.9331,0.0
Supramax,target_kobc_supramax_next,gpr_threats_lag_1,F_geopolitical_risk,47.4561,47.4561,0.0
Supramax,target_kobc_supramax_next,gpr_threats_pct_change_1,F_geopolitical_risk,-16.7896,16.7896,0.0
Supramax,target_kobc_supramax_next,haldia_turnaround_time_days_lag_1,I_port_operational,-1.7855,1.7855,0.0399
Supramax,target_kobc_supramax_next,iron_ore_lag_1,D_commodity_energy,34.1621,34.1621,0.0235
Supramax,target_kobc_supramax_next,iron_ore_pct_change_1,D_commodity_energy,10.9393,10.9393,0.0
Supramax,target_kobc_supramax_next,iron_ore_pct_change_21,D_commodity_energy,-24.3064,24.3064,0.0
Supramax,target_kobc_supramax_next,kobc_cape_diff_1,A_autoregressive_freight,-21.2505,21.2505,0.0
Supramax,target_kobc_supramax_next,kobc_cape_diff_21,A_autoregressive_freight,-21.8067,21.8067,0.0
Supramax,target_kobc_supramax_next,kobc_cape_diff_5,A_autoregressive_freight,-30.67,30.67,0.0
Supramax,target_kobc_supramax_next,kobc_cape_lag_1,A_autoregressive_freight,-105.1349,105.1349,1.2013
Supramax,target_kobc_supramax_next,kobc_cape_lag_10,A_autoregressive_freight,-33.5942,33.5942,0.023
Supramax,target_kobc_supramax_next,kobc_cape_lag_2,A_autoregressive_freight,130.7595,130.7595,0.6147
Supramax,target_kobc_supramax_next,kobc_cape_lag_21,A_autoregressive_freight,-86.636,86.636,0.0082
Supramax,target_kobc_supramax_next,kobc_cape_lag_3,A_autoregressive_freight,-4.1791,4.1791,0.493
Supramax,target_kobc_supramax_next,kobc_cape_lag_5,A_autoregressive_freight,-94.7753,94.7753,0.0
Supramax,target_kobc_supramax_next,kobc_cape_level,A_autoregressive_freight,-107.9401,107.9401,0.7319
Supramax,target_kobc_supramax_next,kobc_cape_log_return_1,A_autoregressive_freight,77.4645,77.4645,0.0
Supramax,target_kobc_supramax_next,kobc_cape_log_return_5,A_autoregressive_freight,-32.531,32.531,0.0169
Supramax,target_kobc_supramax_next,kobc_cape_pct_change_1,A_autoregressive_freight,-108.917,108.917,0.0
Supramax,target_kobc_supramax_next,kobc_cape_pct_change_21,A_autoregressive_freight,21.5075,21.5075,0.0
Supramax,target_kobc_supramax_next,kobc_cape_pct_change_5,A_autoregressive_freight,8.076,8.076,0.0
Supramax,target_kobc_supramax_next,kobc_cape_return_vol_30,A_autoregressive_freight,33.8712,33.8712,0.0
Supramax,target_kobc_supramax_next,kobc_cape_return_vol_7,A_autoregressive_freight,46.2898,46.2898,0.0231
Supramax,target_kobc_supramax_next,kobc_cape_roll_max_30,A_autoregressive_freight,-30.9303,30.9303,0.0
Supramax,target_kobc_supramax_next,kobc_cape_roll_max_7,A_autoregressive_freight,-138.3418,138.3418,0.0
Supramax,target_kobc_supramax_next,kobc_cape_roll_mean_30,A_autoregressive_freight,-81.0472,81.0472,0.0
Supramax,target_kobc_supramax_next,kobc_cape_roll_mean_7,A_autoregressive_freight,-64.267,64.267,1.2486
Supramax,target_kobc_supramax_next,kobc_cape_roll_min_30,A_autoregressive_freight,-34.824,34.824,0.0
Supramax,target_kobc_supramax_next,kobc_cape_roll_min_7,A_autoregressive_freight,15.4094,15.4094,0.2162
Supramax,target_kobc_supramax_next,kobc_cape_roll_std_30,A_autoregressive_freight,18.8144,18.8144,0.0087
Supramax,target_kobc_supramax_next,kobc_cape_roll_std_7,A_autoregressive_freight,57.5747,57.5747,0.0
Supramax,target_kobc_supramax_next,kobc_handy_diff_1,A_autoregressive_freight,-0.4763,0.4763,0.0329
Supramax,target_kobc_supramax_next,kobc_handy_diff_21,A_autoregressive_freight,142.0637,142.0637,0.0
Supramax,target_kobc_supramax_next,kobc_handy_diff_5,A_autoregressive_freight,234.5966,234.5966,0.1178
Supramax,target_kobc_supramax_next,kobc_handy_lag_1,A_autoregressive_freight,76.8185,76.8185,0.0119
Supramax,target_kobc_supramax_next,kobc_handy_lag_10,A_autoregressive_freight,-110.6836,110.6836,0.0
Supramax,target_kobc_supramax_next,kobc_handy_lag_2,A_autoregressive_freight,-314.1593,314.1593,0.0183
Supramax,target_kobc_supramax_next,kobc_handy_lag_21,A_autoregressive_freight,17.3447,17.3447,0.0
Supramax,target_kobc_supramax_next,kobc_handy_lag_3,A_autoregressive_freight,-140.1698,140.1698,0.0
Supramax,target_kobc_supramax_next,kobc_handy_lag_5,A_autoregressive_freight,42.4848,42.4848,0.0
Supramax,target_kobc_supramax_next,kobc_handy_level,A_autoregressive_freight,76.8427,76.8427,24.1781
Supramax,target_kobc_supramax_next,kobc_handy_log_return_1,A_autoregressive_freight,48.977,48.977,0.0636
Supramax,target_kobc_supramax_next,kobc_handy_log_return_5,A_autoregressive_freight,-120.3574,120.3574,0.042
Supramax,target_kobc_supramax_next,kobc_handy_pct_change_1,A_autoregressive_freight,-50.9192,50.9192,0.0
Supramax,target_kobc_supramax_next,kobc_handy_pct_change_21,A_autoregressive_freight,-74.3922,74.3922,0.0
Supramax,target_kobc_supramax_next,kobc_handy_pct_change_5,A_autoregressive_freight,30.6837,30.6837,0.1358
Supramax,target_kobc_supramax_next,kobc_handy_return_vol_30,A_autoregressive_freight,-10.1108,10.1108,0.0
Supramax,target_kobc_supramax_next,kobc_handy_return_vol_7,A_autoregressive_freight,5.4986,5.4986,0.0
Supramax,target_kobc_supramax_next,kobc_handy_roll_max_30,A_autoregressive_freight,69.9601,69.9601,0.0899
Supramax,target_kobc_supramax_next,kobc_handy_roll_max_7,A_autoregressive_freight,-74.3224,74.3224,0.0264
Supramax,target_kobc_supramax_next,kobc_handy_roll_mean_30,A_autoregressive_freight,138.9459,138.9459,0.0
Supramax,target_kobc_supramax_next,kobc_handy_roll_mean_7,A_autoregressive_freight,-43.4498,43.4498,0.004
Supramax,target_kobc_supramax_next,kobc_handy_roll_min_30,A_autoregressive_freight,315.6697,315.6697,0.3883
Supramax,target_kobc_supramax_next,kobc_handy_roll_min_7,A_autoregressive_freight,55.3714,55.3714,0.0
Supramax,target_kobc_supramax_next,kobc_handy_roll_std_30,A_autoregressive_freight,30.5233,30.5233,0.0
Supramax,target_kobc_supramax_next,kobc_handy_roll_std_7,A_autoregressive_freight,-43.2898,43.2898,0.0
Supramax,target_kobc_supramax_next,kobc_kdci_diff_1,C_kdci_features,34.1611,34.1611,0.0
Supramax,target_kobc_supramax_next,kobc_kdci_diff_21,C_kdci_features,60.817,60.817,0.0
Supramax,target_kobc_supramax_next,kobc_kdci_diff_5,C_kdci_features,41.5333,41.5333,0.0
Supramax,target_kobc_supramax_next,kobc_kdci_lag_1,C_kdci_features,203.6982,203.6982,2.6108
Supramax,target_kobc_supramax_next,kobc_kdci_lag_10,C_kdci_features,-36.6058,36.6058,0.0
Supramax,target_kobc_supramax_next,kobc_kdci_lag_2,C_kdci_features,87.7028,87.7028,0.0
Supramax,target_kobc_supramax_next,kobc_kdci_lag_21,C_kdci_features,166.1802,166.1802,0.0
Supramax,target_kobc_supramax_next,kobc_kdci_lag_3,C_kdci_features,-37.0193,37.0193,0.0
Supramax,target_kobc_supramax_next,kobc_kdci_lag_5,C_kdci_features,195.0174,195.0174,0.0
Supramax,target_kobc_supramax_next,kobc_kdci_level,C_kdci_features,206.2807,206.2807,0.2249
Supramax,target_kobc_supramax_next,kobc_kdci_log_return_1,C_kdci_features,3.9559,3.9559,0.0212
Supramax,target_kobc_supramax_next,kobc_kdci_log_return_5,C_kdci_features,-85.5896,85.5896,0.0557
Supramax,target_kobc_supramax_next,kobc_kdci_pct_change_1,C_kdci_features,43.6488,43.6488,0.0305
Supramax,target_kobc_supramax_next,kobc_kdci_pct_change_21,C_kdci_features,-117.6137,117.6137,0.0
Supramax,target_kobc_supramax_next,kobc_kdci_pct_change_5,C_kdci_features,127.5761,127.5761,0.0
Supramax,target_kobc_supramax_next,kobc_kdci_return_vol_30,C_kdci_features,-3.9763,3.9763,0.0101
Supramax,target_kobc_supramax_next,kobc_kdci_return_vol_7,C_kdci_features,-50.1749,50.1749,0.0
Supramax,target_kobc_supramax_next,kobc_kdci_roll_max_30,C_kdci_features,-240.6613,240.6613,0.0
Supramax,target_kobc_supramax_next,kobc_kdci_roll_max_7,C_kdci_features,217.5292,217.5292,0.0
Supramax,target_kobc_supramax_next,kobc_kdci_roll_mean_30,C_kdci_features,112.8619,112.8619,0.0
Supramax,target_kobc_supramax_next,kobc_kdci_roll_mean_7,C_kdci_features,135.0137,135.0137,0.0
Supramax,target_kobc_supramax_next,kobc_kdci_roll_min_30,C_kdci_features,180.6554,180.6554,0.0099
Supramax,target_kobc_supramax_next,kobc_kdci_roll_min_7,C_kdci_features,292.3517,292.3517,0.0
Supramax,target_kobc_supramax_next,kobc_kdci_roll_std_30,C_kdci_features,65.9804,65.9804,0.0205
Supramax,target_kobc_supramax_next,kobc_kdci_roll_std_7,C_kdci_features,-31.0898,31.0898,0.0
Supramax,target_kobc_supramax_next,kobc_panamax_diff_1,A_autoregressive_freight,82.9102,82.9102,0.0412
Supramax,target_kobc_supramax_next,kobc_panamax_diff_21,A_autoregressive_freight,-132.5893,132.5893,0.0
Supramax,target_kobc_supramax_next,kobc_panamax_diff_5,A_autoregressive_freight,-64.6897,64.6897,0.0036
Supramax,target_kobc_supramax_next,kobc_panamax_lag_1,A_autoregressive_freight,-93.8289,93.8289,3.9249
Supramax,target_kobc_supramax_next,kobc_panamax_lag_10,A_autoregressive_freight,-33.9234,33.9234,0.0119
Supramax,target_kobc_supramax_next,kobc_panamax_lag_2,A_autoregressive_freight,91.1799,91.1799,0.0
Supramax,target_kobc_supramax_next,kobc_panamax_lag_21,A_autoregressive_freight,-21.8761,21.8761,0.0
Supramax,target_kobc_supramax_next,kobc_panamax_lag_3,A_autoregressive_freight,-114.9655,114.9655,0.0
Supramax,target_kobc_supramax_next,kobc_panamax_lag_5,A_autoregressive_freight,-73.6787,73.6787,0.0
Supramax,target_kobc_supramax_next,kobc_panamax_level,A_autoregressive_freight,-88.8389,88.8389,1.2745
Supramax,target_kobc_supramax_next,kobc_panamax_log_return_1,A_autoregressive_freight,17.9086,17.9086,0.0731
Supramax,target_kobc_supramax_next,kobc_panamax_log_return_5,A_autoregressive_freight,66.0325,66.0325,0.0
Supramax,target_kobc_supramax_next,kobc_panamax_pct_change_1,A_autoregressive_freight,-72.7907,72.7907,0.0202
Supramax,target_kobc_supramax_next,kobc_panamax_pct_change_21,A_autoregressive_freight,102.5182,102.5182,0.0
Supramax,target_kobc_supramax_next,kobc_panamax_pct_change_5,A_autoregressive_freight,-55.8531,55.8531,0.0
Supramax,target_kobc_supramax_next,kobc_panamax_return_vol_30,A_autoregressive_freight,2.5862,2.5862,0.0057
Supramax,target_kobc_supramax_next,kobc_panamax_return_vol_7,A_autoregressive_freight,13.0119,13.0119,0.0061
Supramax,target_kobc_supramax_next,kobc_panamax_roll_max_30,A_autoregressive_freight,75.4221,75.4221,2.989
Supramax,target_kobc_supramax_next,kobc_panamax_roll_max_7,A_autoregressive_freight,134.4424,134.4424,0.0687
Supramax,target_kobc_supramax_next,kobc_panamax_roll_mean_30,A_autoregressive_freight,-66.6074,66.6074,0.0
Supramax,target_kobc_supramax_next,kobc_panamax_roll_mean_7,A_autoregressive_freight,-35.8516,35.8516,0.0
Supramax,target_kobc_supramax_next,kobc_panamax_roll_min_30,A_autoregressive_freight,0.8934,0.8934,0.0116
Supramax,target_kobc_supramax_next,kobc_panamax_roll_min_7,A_autoregressive_freight,111.5644,111.5644,0.0561
Supramax,target_kobc_supramax_next,kobc_panamax_roll_std_30,A_autoregressive_freight,-34.4802,34.4802,0.0
Supramax,target_kobc_supramax_next,kobc_panamax_roll_std_7,A_autoregressive_freight,-6.4463,6.4463,0.0108
Supramax,target_kobc_supramax_next,kobc_supramax_diff_1,A_autoregressive_freight,221.7097,221.7097,0.0518
Supramax,target_kobc_supramax_next,kobc_supramax_diff_21,A_autoregressive_freight,434.4377,434.4377,0.0
Supramax,target_kobc_supramax_next,kobc_supramax_diff_5,A_autoregressive_freight,318.2549,318.2549,0.0411
Supramax,target_kobc_supramax_next,kobc_supramax_lag_1,A_autoregressive_freight,882.8179,882.8179,2.6037
Supramax,target_kobc_supramax_next,kobc_supramax_lag_10,A_autoregressive_freight,-7.097,7.097,0.0
Supramax,target_kobc_supramax_next,kobc_supramax_lag_2,A_autoregressive_freight,129.1309,129.1309,0.1244
Supramax,target_kobc_supramax_next,kobc_supramax_lag_21,A_autoregressive_freight,688.5992,688.5992,0.0
Supramax,target_kobc_supramax_next,kobc_supramax_lag_3,A_autoregressive_freight,33.0977,33.0977,0.0
Supramax,target_kobc_supramax_next,kobc_supramax_lag_5,A_autoregressive_freight,835.3112,835.3112,0.0
Supramax,target_kobc_supramax_next,kobc_supramax_level,A_autoregressive_freight,892.596,892.596,15.1308
Supramax,target_kobc_supramax_next,kobc_supramax_log_return_1,A_autoregressive_freight,-163.7746,163.7746,0.0346
Supramax,target_kobc_supramax_next,kobc_supramax_log_return_5,A_autoregressive_freight,-39.2002,39.2002,0.0917
Supramax,target_kobc_supramax_next,kobc_supramax_pct_change_1,A_autoregressive_freight,176.2158,176.2158,0.0393
Supramax,target_kobc_supramax_next,kobc_supramax_pct_change_21,A_autoregressive_freight,106.332,106.332,0.0
Supramax,target_kobc_supramax_next,kobc_supramax_pct_change_5,A_autoregressive_freight,168.2589,168.2589,0.0
Supramax,target_kobc_supramax_next,kobc_supramax_return_vol_30,A_autoregressive_freight,12.5433,12.5433,0.0436
Supramax,target_kobc_supramax_next,kobc_supramax_return_vol_7,A_autoregressive_freight,8.7153,8.7153,0.0
Supramax,target_kobc_supramax_next,kobc_supramax_roll_max_30,A_autoregressive_freight,269.4875,269.4875,0.0919
Supramax,target_kobc_supramax_next,kobc_supramax_roll_max_7,A_autoregressive_freight,574.7535,574.7535,0.0484
Supramax,target_kobc_supramax_next,kobc_supramax_roll_mean_30,A_autoregressive_freight,487.0222,487.0222,0.0
Supramax,target_kobc_supramax_next,kobc_supramax_roll_mean_7,A_autoregressive_freight,582.3124,582.3124,0.0
Supramax,target_kobc_supramax_next,kobc_supramax_roll_min_30,A_autoregressive_freight,-164.1514,164.1514,0.3313
Supramax,target_kobc_supramax_next,kobc_supramax_roll_min_7,A_autoregressive_freight,565.7479,565.7479,0.0111
Supramax,target_kobc_supramax_next,kobc_supramax_roll_std_30,A_autoregressive_freight,-32.1302,32.1302,0.0321
Supramax,target_kobc_supramax_next,kobc_supramax_roll_std_7,A_autoregressive_freight,34.5874,34.5874,0.0086
Supramax,target_kobc_supramax_next,paradip_turnaround_time_days_lag_1,I_port_operational,-31.3008,31.3008,0.0
Supramax,target_kobc_supramax_next,south_africa_coal_lag_1,D_commodity_energy,40.8854,40.8854,0.0254
Supramax,target_kobc_supramax_next,south_africa_coal_pct_change_1,D_commodity_energy,-24.2328,24.2328,0.0
Supramax,target_kobc_supramax_next,south_africa_coal_pct_change_21,D_commodity_energy,45.2319,45.2319,0.0182
Supramax,target_kobc_supramax_next,usd_inr_lag_1,E_fx_macro,-30.4511,30.4511,0.0
Supramax,target_kobc_supramax_next,usd_inr_pct_change_1,E_fx_macro,2.6924,2.6924,0.0
Supramax,target_kobc_supramax_next,usd_inr_pct_change_5,E_fx_macro,8.763,8.763,0.0078
Supramax,target_kobc_supramax_next,visakhapatnam_turnaround_time_days_lag_1,I_port_operational,20.5683,20.5683,0.0
Supramax,target_kobc_supramax_next,world_fleet_total_dwt_thousands_lag_1,I_port_operational,21.9978,21.9978,0.0117
Supramax,target_kobc_supramax_next,wti_usd_bbl_lag_1,D_commodity_energy,-20.9322,20.9322,0.0072
Supramax,target_kobc_supramax_next,wti_usd_bbl_pct_change_1,D_commodity_energy,6.4639,6.4639,0.0
Supramax,target_kobc_supramax_next,wti_usd_bbl_pct_change_5,D_commodity_energy,-4.3465,4.3465,0.0192
Panamax,target_kobc_panamax_next,australia_coal_lag_1,D_commodity_energy,22.0433,22.0433,0.0732
Panamax,target_kobc_panamax_next,australia_coal_pct_change_1,D_commodity_energy,39.3996,39.3996,0.0
Panamax,target_kobc_panamax_next,australia_coal_pct_change_21,D_commodity_energy,-36.2613,36.2613,0.0209
Panamax,target_kobc_panamax_next,brent_usd_bbl_lag_1,D_commodity_energy,21.0488,21.0488,0.0369
Panamax,target_kobc_panamax_next,brent_usd_bbl_pct_change_1,D_commodity_energy,8.4318,8.4318,0.0
Panamax,target_kobc_panamax_next,brent_usd_bbl_pct_change_5,D_commodity_energy,26.8217,26.8217,0.0024
Panamax,target_kobc_panamax_next,cal_day_of_week,H_calendar,7.8252,7.8252,0.0
Panamax,target_kobc_panamax_next,cal_is_month_end,H_calendar,11.8484,11.8484,0.0
Panamax,target_kobc_panamax_next,cal_month,H_calendar,103.1418,103.1418,0.0724
Panamax,target_kobc_panamax_next,cal_quarter,H_calendar,-93.1578,93.1578,0.0
Panamax,target_kobc_panamax_next,cross_kobc_cape_lag_1,B_cross_vessel_freight,-77.4323,77.4323,0.0201
Panamax,target_kobc_panamax_next,cross_kobc_cape_lag_5,B_cross_vessel_freight,-57.1422,57.1422,0.0112
Panamax,target_kobc_panamax_next,cross_kobc_handy_lag_1,B_cross_vessel_freight,28.4583,28.4583,0.713
Panamax,target_kobc_panamax_next,cross_kobc_handy_lag_5,B_cross_vessel_freight,14.7006,14.7006,0.0194
Panamax,target_kobc_panamax_next,cross_kobc_kdci_lag_1,B_cross_vessel_freight,193.4927,193.4927,0.0644
Panamax,target_kobc_panamax_next,cross_kobc_kdci_lag_5,B_cross_vessel_freight,187.3028,187.3028,0.0
Panamax,target_kobc_panamax_next,cross_kobc_panamax_lag_1,B_cross_vessel_freight,898.57,898.57,15.4901
Panamax,target_kobc_panamax_next,cross_kobc_panamax_lag_5,B_cross_vessel_freight,805.9436,805.9436,0.037
Panamax,target_kobc_panamax_next,cross_kobc_supramax_lag_1,B_cross_vessel_freight,-84.4116,84.4116,0.0039
Panamax,target_kobc_panamax_next,cross_kobc_supramax_lag_5,B_cross_vessel_freight,-42.7938,42.7938,0.0247
Panamax,target_kobc_panamax_next,gpr_acts_diff_1,F_geopolitical_risk,44.9371,44.9371,0.0
Panamax,target_kobc_panamax_next,gpr_acts_lag_1,F_geopolitical_risk,34.1978,34.1978,0.0623
Panamax,target_kobc_panamax_next,gpr_acts_pct_change_1,F_geopolitical_risk,-23.1975,23.1975,0.0
Panamax,target_kobc_panamax_next,gpr_diff_1,F_geopolitical_risk,-16.365,16.365,0.0256
Panamax,target_kobc_panamax_next,gpr_lag_1,F_geopolitical_risk,-38.5193,38.5193,0.0103
Panamax,target_kobc_panamax_next,gpr_pct_change_1,F_geopolitical_risk,3.9728,3.9728,0.0
Panamax,target_kobc_panamax_next,gpr_spike_ratio_ma30,F_geopolitical_risk,-50.9717,50.9717,0.0
Panamax,target_kobc_panamax_next,gpr_spike_ratio_ma7,F_geopolitical_risk,29.9623,29.9623,0.0
Panamax,target_kobc_panamax_next,gpr_threats_diff_1,F_geopolitical_risk,47.893,47.893,0.0
Panamax,target_kobc_panamax_next,gpr_threats_lag_1,F_geopolitical_risk,49.3924,49.3924,0.0
Panamax,target_kobc_panamax_next,gpr_threats_pct_change_1,F_geopolitical_risk,-4.6861,4.6861,0.0
Panamax,target_kobc_panamax_next,haldia_turnaround_time_days_lag_1,I_port_operational,-11.9858,11.9858,0.0
Panamax,target_kobc_panamax_next,iron_ore_lag_1,D_commodity_energy,108.4065,108.4065,0.1841
Panamax,target_kobc_panamax_next,iron_ore_pct_change_1,D_commodity_energy,15.9491,15.9491,0.0
Panamax,target_kobc_panamax_next,iron_ore_pct_change_21,D_commodity_energy,-30.5573,30.5573,0.0
Panamax,target_kobc_panamax_next,kobc_cape_diff_1,A_autoregressive_freight,-54.9953,54.9953,0.0191
Panamax,target_kobc_panamax_next,kobc_cape_diff_21,A_autoregressive_freight,1.657,1.657,0.0
Panamax,target_kobc_panamax_next,kobc_cape_diff_5,A_autoregressive_freight,-65.1182,65.1182,0.0388
Panamax,target_kobc_panamax_next,kobc_cape_lag_1,A_autoregressive_freight,-77.4323,77.4323,0.0
Panamax,target_kobc_panamax_next,kobc_cape_lag_10,A_autoregressive_freight,-35.2551,35.2551,0.0289
Panamax,target_kobc_panamax_next,kobc_cape_lag_2,A_autoregressive_freight,92.5536,92.5536,0.0
Panamax,target_kobc_panamax_next,kobc_cape_lag_21,A_autoregressive_freight,-85.0765,85.0765,0.0
Panamax,target_kobc_panamax_next,kobc_cape_lag_3,A_autoregressive_freight,89.9798,89.9798,0.0
Panamax,target_kobc_panamax_next,kobc_cape_lag_5,A_autoregressive_freight,-57.1422,57.1422,0.0
Panamax,target_kobc_panamax_next,kobc_cape_level,A_autoregressive_freight,-84.5342,84.5342,0.0
Panamax,target_kobc_panamax_next,kobc_cape_log_return_1,A_autoregressive_freight,140.6658,140.6658,0.0194
Panamax,target_kobc_panamax_next,kobc_cape_log_return_5,A_autoregressive_freight,115.5167,115.5167,0.0228
Panamax,target_kobc_panamax_next,kobc_cape_pct_change_1,A_autoregressive_freight,-215.7359,215.7359,0.0
Panamax,target_kobc_panamax_next,kobc_cape_pct_change_21,A_autoregressive_freight,5.7071,5.7071,0.0353
Panamax,target_kobc_panamax_next,kobc_cape_pct_change_5,A_autoregressive_freight,-168.2952,168.2952,0.0
Panamax,target_kobc_panamax_next,kobc_cape_return_vol_30,A_autoregressive_freight,21.4791,21.4791,0.0
Panamax,target_kobc_panamax_next,kobc_cape_return_vol_7,A_autoregressive_freight,46.4998,46.4998,0.0
Panamax,target_kobc_panamax_next,kobc_cape_roll_max_30,A_autoregressive_freight,41.2074,41.2074,0.0
Panamax,target_kobc_panamax_next,kobc_cape_roll_max_7,A_autoregressive_freight,-403.0876,403.0876,0.0
Panamax,target_kobc_panamax_next,kobc_cape_roll_mean_30,A_autoregressive_freight,216.3716,216.3716,0.0
Panamax,target_kobc_panamax_next,kobc_cape_roll_mean_7,A_autoregressive_freight,-42.1938,42.1938,0.0
Panamax,target_kobc_panamax_next,kobc_cape_roll_min_30,A_autoregressive_freight,-199.9158,199.9158,0.0
Panamax,target_kobc_panamax_next,kobc_cape_roll_min_7,A_autoregressive_freight,54.2348,54.2348,0.0
Panamax,target_kobc_panamax_next,kobc_cape_roll_std_30,A_autoregressive_freight,-37.3932,37.3932,0.0185
Panamax,target_kobc_panamax_next,kobc_cape_roll_std_7,A_autoregressive_freight,124.2912,124.2912,0.0
Panamax,target_kobc_panamax_next,kobc_handy_diff_1,A_autoregressive_freight,-34.3046,34.3046,0.1177
Panamax,target_kobc_panamax_next,kobc_handy_diff_21,A_autoregressive_freight,210.9407,210.9407,0.0
Panamax,target_kobc_panamax_next,kobc_handy_diff_5,A_autoregressive_freight,85.7326,85.7326,0.0222
Panamax,target_kobc_panamax_next,kobc_handy_lag_1,A_autoregressive_freight,28.4583,28.4583,0.0
Panamax,target_kobc_panamax_next,kobc_handy_lag_10,A_autoregressive_freight,-323.3871,323.3871,0.0243
Panamax,target_kobc_panamax_next,kobc_handy_lag_2,A_autoregressive_freight,-194.5716,194.5716,0.0331
Panamax,target_kobc_panamax_next,kobc_handy_lag_21,A_autoregressive_freight,-60.2562,60.2562,0.0
Panamax,target_kobc_panamax_next,kobc_handy_lag_3,A_autoregressive_freight,-104.889,104.889,0.0
Panamax,target_kobc_panamax_next,kobc_handy_lag_5,A_autoregressive_freight,14.7006,14.7006,0.0
Panamax,target_kobc_panamax_next,kobc_handy_level,A_autoregressive_freight,27.2545,27.2545,9.9277
Panamax,target_kobc_panamax_next,kobc_handy_log_return_1,A_autoregressive_freight,114.7908,114.7908,0.0472
Panamax,target_kobc_panamax_next,kobc_handy_log_return_5,A_autoregressive_freight,-85.4828,85.4828,0.0313
Panamax,target_kobc_panamax_next,kobc_handy_pct_change_1,A_autoregressive_freight,-105.7844,105.7844,0.0
Panamax,target_kobc_panamax_next,kobc_handy_pct_change_21,A_autoregressive_freight,-91.4841,91.4841,0.0
Panamax,target_kobc_panamax_next,kobc_handy_pct_change_5,A_autoregressive_freight,15.1758,15.1758,0.0
Panamax,target_kobc_panamax_next,kobc_handy_return_vol_30,A_autoregressive_freight,-15.6041,15.6041,0.0
Panamax,target_kobc_panamax_next,kobc_handy_return_vol_7,A_autoregressive_freight,-11.5966,11.5966,0.0104
Panamax,target_kobc_panamax_next,kobc_handy_roll_max_30,A_autoregressive_freight,432.1304,432.1304,0.0262
Panamax,target_kobc_panamax_next,kobc_handy_roll_max_7,A_autoregressive_freight,-34.2503,34.2503,0.0428
Panamax,target_kobc_panamax_next,kobc_handy_roll_mean_30,A_autoregressive_freight,-68.1701,68.1701,0.0087
Panamax,target_kobc_panamax_next,kobc_handy_roll_mean_7,A_autoregressive_freight,-63.8968,63.8968,2.6597
Panamax,target_kobc_panamax_next,kobc_handy_roll_min_30,A_autoregressive_freight,736.4479,736.4479,0.0
Panamax,target_kobc_panamax_next,kobc_handy_roll_min_7,A_autoregressive_freight,-36.0728,36.0728,0.0287
Panamax,target_kobc_panamax_next,kobc_handy_roll_std_30,A_autoregressive_freight,108.4315,108.4315,0.0371
Panamax,target_kobc_panamax_next,kobc_handy_roll_std_7,A_autoregressive_freight,-120.2207,120.2207,0.0
Panamax,target_kobc_panamax_next,kobc_kdci_diff_1,C_kdci_features,87.3617,87.3617,0.0408
Panamax,target_kobc_panamax_next,kobc_kdci_diff_21,C_kdci_features,75.0519,75.0519,0.0155
Panamax,target_kobc_panamax_next,kobc_kdci_diff_5,C_kdci_features,46.4476,46.4476,0.0251
Panamax,target_kobc_panamax_next,kobc_kdci_lag_1,C_kdci_features,193.4927,193.4927,0.0329
Panamax,target_kobc_panamax_next,kobc_kdci_lag_10,C_kdci_features,-41.8914,41.8914,0.011
Panamax,target_kobc_panamax_next,kobc_kdci_lag_2,C_kdci_features,68.0144,68.0144,0.0222
Panamax,target_kobc_panamax_next,kobc_kdci_lag_21,C_kdci_features,151.165,151.165,0.0
Panamax,target_kobc_panamax_next,kobc_kdci_lag_3,C_kdci_features,-57.5106,57.5106,0.0
Panamax,target_kobc_panamax_next,kobc_kdci_lag_5,C_kdci_features,187.3028,187.3028,0.0
Panamax,target_kobc_panamax_next,kobc_kdci_level,C_kdci_features,199.7396,199.7396,1.2017
Panamax,target_kobc_panamax_next,kobc_kdci_log_return_1,C_kdci_features,180.6459,180.6459,0.0437
Panamax,target_kobc_panamax_next,kobc_kdci_log_return_5,C_kdci_features,69.3333,69.3333,0.0342
Panamax,target_kobc_panamax_next,kobc_kdci_pct_change_1,C_kdci_features,-61.7531,61.7531,0.0317
Panamax,target_kobc_panamax_next,kobc_kdci_pct_change_21,C_kdci_features,-32.5989,32.5989,0.0205
Panamax,target_kobc_panamax_next,kobc_kdci_pct_change_5,C_kdci_features,18.5625,18.5625,0.0
Panamax,target_kobc_panamax_next,kobc_kdci_return_vol_30,C_kdci_features,50.5469,50.5469,0.0
Panamax,target_kobc_panamax_next,kobc_kdci_return_vol_7,C_kdci_features,-69.2602,69.2602,0.0
Panamax,target_kobc_panamax_next,kobc_kdci_roll_max_30,C_kdci_features,33.6907,33.6907,1.0513
Panamax,target_kobc_panamax_next,kobc_kdci_roll_max_7,C_kdci_features,-90.2905,90.2905,1.5618
Panamax,target_kobc_panamax_next,kobc_kdci_roll_mean_30,C_kdci_features,190.2674,190.2674,0.0
Panamax,target_kobc_panamax_next,kobc_kdci_roll_mean_7,C_kdci_features,114.3869,114.3869,0.0752
Panamax,target_kobc_panamax_next,kobc_kdci_roll_min_30,C_kdci_features,-165.0886,165.0886,0.0
Panamax,target_kobc_panamax_next,kobc_kdci_roll_min_7,C_kdci_features,301.1119,301.1119,0.0754
Panamax,target_kobc_panamax_next,kobc_kdci_roll_std_30,C_kdci_features,-101.6002,101.6002,0.0225
Panamax,target_kobc_panamax_next,kobc_kdci_roll_std_7,C_kdci_features,-22.3037,22.3037,0.0
Panamax,target_kobc_panamax_next,kobc_panamax_diff_1,A_autoregressive_freight,458.4488,458.4488,0.1104
Panamax,target_kobc_panamax_next,kobc_panamax_diff_21,A_autoregressive_freight,293.2967,293.2967,0.0298
Panamax,target_kobc_panamax_next,kobc_panamax_diff_5,A_autoregressive_freight,514.8685,514.8685,0.0264
Panamax,target_kobc_panamax_next,kobc_panamax_lag_1,A_autoregressive_freight,898.57,898.57,38.3476
Panamax,target_kobc_panamax_next,kobc_panamax_lag_10,A_autoregressive_freight,58.2209,58.2209,0.0
Panamax,target_kobc_panamax_next,kobc_panamax_lag_2,A_autoregressive_freight,356.8483,356.8483,0.0178
Panamax,target_kobc_panamax_next,kobc_panamax_lag_21,A_autoregressive_freight,766.886,766.886,0.0838
Panamax,target_kobc_panamax_next,kobc_panamax_lag_3,A_autoregressive_freight,-98.1802,98.1802,0.0
Panamax,target_kobc_panamax_next,kobc_panamax_lag_5,A_autoregressive_freight,805.9436,805.9436,0.0513
Panamax,target_kobc_panamax_next,kobc_panamax_level,A_autoregressive_freight,927.6906,927.6906,13.2949
Panamax,target_kobc_panamax_next,kobc_panamax_log_return_1,A_autoregressive_freight,68.9083,68.9083,0.0959
Panamax,target_kobc_panamax_next,kobc_panamax_log_return_5,A_autoregressive_freight,449.9221,449.9221,0.0503
Panamax,target_kobc_panamax_next,kobc_panamax_pct_change_1,A_autoregressive_freight,-162.853,162.853,0.2775
Panamax,target_kobc_panamax_next,kobc_panamax_pct_change_21,A_autoregressive_freight,47.6548,47.6548,0.0
Panamax,target_kobc_panamax_next,kobc_panamax_pct_change_5,A_autoregressive_freight,-366.8205,366.8205,0.0
Panamax,target_kobc_panamax_next,kobc_panamax_return_vol_30,A_autoregressive_freight,-0.6249,0.6249,0.3769
Panamax,target_kobc_panamax_next,kobc_panamax_return_vol_7,A_autoregressive_freight,37.0661,37.0661,0.0
Panamax,target_kobc_panamax_next,kobc_panamax_roll_max_30,A_autoregressive_freight,-148.3087,148.3087,0.0
Panamax,target_kobc_panamax_next,kobc_panamax_roll_max_7,A_autoregressive_freight,616.845,616.845,0.1343
Panamax,target_kobc_panamax_next,kobc_panamax_roll_mean_30,A_autoregressive_freight,347.7334,347.7334,0.0
Panamax,target_kobc_panamax_next,kobc_panamax_roll_mean_7,A_autoregressive_freight,562.2715,562.2715,0.6983
Panamax,target_kobc_panamax_next,kobc_panamax_roll_min_30,A_autoregressive_freight,-98.1824,98.1824,5.1656
Panamax,target_kobc_panamax_next,kobc_panamax_roll_min_7,A_autoregressive_freight,595.6007,595.6007,1.5668
Panamax,target_kobc_panamax_next,kobc_panamax_roll_std_30,A_autoregressive_freight,-0.6897,0.6897,0.0
Panamax,target_kobc_panamax_next,kobc_panamax_roll_std_7,A_autoregressive_freight,-3.4417,3.4417,0.0206
Panamax,target_kobc_panamax_next,kobc_supramax_diff_1,A_autoregressive_freight,112.5168,112.5168,0.0
Panamax,target_kobc_panamax_next,kobc_supramax_diff_21,A_autoregressive_freight,-33.9605,33.9605,0.0396
Panamax,target_kobc_panamax_next,kobc_supramax_diff_5,A_autoregressive_freight,-216.008,216.008,0.0
Panamax,target_kobc_panamax_next,kobc_supramax_lag_1,A_autoregressive_freight,-84.4116,84.4116,0.0
Panamax,target_kobc_panamax_next,kobc_supramax_lag_10,A_autoregressive_freight,-37.5328,37.5328,0.0194
Panamax,target_kobc_panamax_next,kobc_supramax_lag_2,A_autoregressive_freight,-166.6693,166.6693,0.0
Panamax,target_kobc_panamax_next,kobc_supramax_lag_21,A_autoregressive_freight,-63.7608,63.7608,0.0282
Panamax,target_kobc_panamax_next,kobc_supramax_lag_3,A_autoregressive_freight,-190.3674,190.3674,0.0
Panamax,target_kobc_panamax_next,kobc_supramax_lag_5,A_autoregressive_freight,-42.7938,42.7938,0.0
Panamax,target_kobc_panamax_next,kobc_supramax_level,A_autoregressive_freight,-79.8359,79.8359,4.8608
Panamax,target_kobc_panamax_next,kobc_supramax_log_return_1,A_autoregressive_freight,-87.3015,87.3015,0.0693
Panamax,target_kobc_panamax_next,kobc_supramax_log_return_5,A_autoregressive_freight,-110.5114,110.5114,0.0
Panamax,target_kobc_panamax_next,kobc_supramax_pct_change_1,A_autoregressive_freight,-6.2033,6.2033,0.0376
Panamax,target_kobc_panamax_next,kobc_supramax_pct_change_21,A_autoregressive_freight,165.582,165.582,0.0506
Panamax,target_kobc_panamax_next,kobc_supramax_pct_change_5,A_autoregressive_freight,200.2532,200.2532,0.0
Panamax,target_kobc_panamax_next,kobc_supramax_return_vol_30,A_autoregressive_freight,10.1999,10.1999,0.0
Panamax,target_kobc_panamax_next,kobc_supramax_return_vol_7,A_autoregressive_freight,18.7314,18.7314,0.0
Panamax,target_kobc_panamax_next,kobc_supramax_roll_max_30,A_autoregressive_freight,-24.8163,24.8163,0.0
Panamax,target_kobc_panamax_next,kobc_supramax_roll_max_7,A_autoregressive_freight,37.5271,37.5271,0.0
Panamax,target_kobc_panamax_next,kobc_supramax_roll_mean_30,A_autoregressive_freight,50.281,50.281,0.0087
Panamax,target_kobc_panamax_next,kobc_supramax_roll_mean_7,A_autoregressive_freight,-57.6531,57.6531,0.0593
Panamax,target_kobc_panamax_next,kobc_supramax_roll_min_30,A_autoregressive_freight,91.5227,91.5227,0.0
Panamax,target_kobc_panamax_next,kobc_supramax_roll_min_7,A_autoregressive_freight,-29.4467,29.4467,0.0761
Panamax,target_kobc_panamax_next,kobc_supramax_roll_std_30,A_autoregressive_freight,-53.0975,53.0975,0.0153
Panamax,target_kobc_panamax_next,kobc_supramax_roll_std_7,A_autoregressive_freight,99.4939,99.4939,0.0
Panamax,target_kobc_panamax_next,paradip_turnaround_time_days_lag_1,I_port_operational,-47.121,47.121,0.0
Panamax,target_kobc_panamax_next,south_africa_coal_lag_1,D_commodity_energy,-107.0608,107.0608,0.0
Panamax,target_kobc_panamax_next,south_africa_coal_pct_change_1,D_commodity_energy,-46.4565,46.4565,0.0
Panamax,target_kobc_panamax_next,south_africa_coal_pct_change_21,D_commodity_energy,47.4919,47.4919,0.0
Panamax,target_kobc_panamax_next,usd_inr_lag_1,E_fx_macro,17.1921,17.1921,0.0212
Panamax,target_kobc_panamax_next,usd_inr_pct_change_1,E_fx_macro,4.3679,4.3679,0.0
Panamax,target_kobc_panamax_next,usd_inr_pct_change_5,E_fx_macro,-16.4206,16.4206,0.0
Panamax,target_kobc_panamax_next,visakhapatnam_turnaround_time_days_lag_1,I_port_operational,-57.2823,57.2823,0.0
Panamax,target_kobc_panamax_next,world_fleet_total_dwt_thousands_lag_1,I_port_operational,-37.998,37.998,0.0
Panamax,target_kobc_panamax_next,wti_usd_bbl_lag_1,D_commodity_energy,-8.8848,8.8848,0.0
Panamax,target_kobc_panamax_next,wti_usd_bbl_pct_change_1,D_commodity_energy,8.3108,8.3108,0.0098
Panamax,target_kobc_panamax_next,wti_usd_bbl_pct_change_5,D_commodity_energy,-3.228,3.228,0.0184
Cape,target_kobc_cape_next,australia_coal_lag_1,D_commodity_energy,-379.3968,379.3968,0.0919
Cape,target_kobc_cape_next,australia_coal_pct_change_1,D_commodity_energy,-81.5268,81.5268,0.0
Cape,target_kobc_cape_next,australia_coal_pct_change_21,D_commodity_energy,-207.2366,207.2366,0.0
Cape,target_kobc_cape_next,brent_usd_bbl_lag_1,D_commodity_energy,9.1408,9.1408,0.0403
Cape,target_kobc_cape_next,brent_usd_bbl_pct_change_1,D_commodity_energy,5.7661,5.7661,0.0
Cape,target_kobc_cape_next,brent_usd_bbl_pct_change_5,D_commodity_energy,39.9038,39.9038,0.0
Cape,target_kobc_cape_next,cal_day_of_week,H_calendar,84.3547,84.3547,0.0
Cape,target_kobc_cape_next,cal_is_month_end,H_calendar,49.6097,49.6097,0.0
Cape,target_kobc_cape_next,cal_month,H_calendar,303.9571,303.9571,0.078
Cape,target_kobc_cape_next,cal_quarter,H_calendar,-214.6826,214.6826,0.0
Cape,target_kobc_cape_next,cross_kobc_cape_lag_1,B_cross_vessel_freight,1388.1867,1388.1867,31.4422
Cape,target_kobc_cape_next,cross_kobc_cape_lag_5,B_cross_vessel_freight,1018.7077,1018.7077,0.0836
Cape,target_kobc_cape_next,cross_kobc_handy_lag_1,B_cross_vessel_freight,-14.778,14.778,0.0
Cape,target_kobc_cape_next,cross_kobc_handy_lag_5,B_cross_vessel_freight,-107.9532,107.9532,0.0
Cape,target_kobc_cape_next,cross_kobc_kdci_lag_1,B_cross_vessel_freight,398.4795,398.4795,2.5858
Cape,target_kobc_cape_next,cross_kobc_kdci_lag_5,B_cross_vessel_freight,299.7371,299.7371,0.021
Cape,target_kobc_cape_next,cross_kobc_panamax_lag_1,B_cross_vessel_freight,-172.0722,172.0722,0.018
Cape,target_kobc_cape_next,cross_kobc_panamax_lag_5,B_cross_vessel_freight,-136.7829,136.7829,0.2672
Cape,target_kobc_cape_next,cross_kobc_supramax_lag_1,B_cross_vessel_freight,-441.155,441.155,0.0
Cape,target_kobc_cape_next,cross_kobc_supramax_lag_5,B_cross_vessel_freight,-264.9346,264.9346,0.0464
Cape,target_kobc_cape_next,gpr_acts_diff_1,F_geopolitical_risk,-2.8695,2.8695,0.0
Cape,target_kobc_cape_next,gpr_acts_lag_1,F_geopolitical_risk,-6.2661,6.2661,0.0
Cape,target_kobc_cape_next,gpr_acts_pct_change_1,F_geopolitical_risk,-76.9156,76.9156,0.0
Cape,target_kobc_cape_next,gpr_diff_1,F_geopolitical_risk,-80.0268,80.0268,0.0
Cape,target_kobc_cape_next,gpr_lag_1,F_geopolitical_risk,20.5578,20.5578,0.0
Cape,target_kobc_cape_next,gpr_pct_change_1,F_geopolitical_risk,120.0069,120.0069,0.0197
Cape,target_kobc_cape_next,gpr_spike_ratio_ma30,F_geopolitical_risk,73.897,73.897,0.0
Cape,target_kobc_cape_next,gpr_spike_ratio_ma7,F_geopolitical_risk,22.0332,22.0332,0.0
Cape,target_kobc_cape_next,gpr_threats_diff_1,F_geopolitical_risk,3.183,3.183,0.0417
Cape,target_kobc_cape_next,gpr_threats_lag_1,F_geopolitical_risk,-109.7854,109.7854,0.0362
Cape,target_kobc_cape_next,gpr_threats_pct_change_1,F_geopolitical_risk,-78.7633,78.7633,0.0446
Cape,target_kobc_cape_next,haldia_turnaround_time_days_lag_1,I_port_operational,-636.1969,636.1969,0.0
Cape,target_kobc_cape_next,iron_ore_lag_1,D_commodity_energy,-40.0993,40.0993,0.0
Cape,target_kobc_cape_next,iron_ore_pct_change_1,D_commodity_energy,-22.2217,22.2217,0.0
Cape,target_kobc_cape_next,iron_ore_pct_change_21,D_commodity_energy,-64.2945,64.2945,0.0
Cape,target_kobc_cape_next,kobc_cape_diff_1,A_autoregressive_freight,825.6078,825.6078,0.282
Cape,target_kobc_cape_next,kobc_cape_diff_21,A_autoregressive_freight,723.9154,723.9154,0.1456
Cape,target_kobc_cape_next,kobc_cape_diff_5,A_autoregressive_freight,1132.006,1132.006,0.1414
Cape,target_kobc_cape_next,kobc_cape_lag_1,A_autoregressive_freight,1388.1867,1388.1867,15.4966
Cape,target_kobc_cape_next,kobc_cape_lag_10,A_autoregressive_freight,-151.7783,151.7783,0.1097
Cape,target_kobc_cape_next,kobc_cape_lag_2,A_autoregressive_freight,1419.065,1419.065,0.245
Cape,target_kobc_cape_next,kobc_cape_lag_21,A_autoregressive_freight,811.9939,811.9939,0.0466
Cape,target_kobc_cape_next,kobc_cape_lag_3,A_autoregressive_freight,393.0393,393.0393,0.1369
Cape,target_kobc_cape_next,kobc_cape_lag_5,A_autoregressive_freight,1018.7077,1018.7077,0.0
Cape,target_kobc_cape_next,kobc_cape_level,A_autoregressive_freight,1494.9858,1494.9858,12.8529
Cape,target_kobc_cape_next,kobc_cape_log_return_1,A_autoregressive_freight,394.6615,394.6615,0.2953
Cape,target_kobc_cape_next,kobc_cape_log_return_5,A_autoregressive_freight,-9.2451,9.2451,0.0243
Cape,target_kobc_cape_next,kobc_cape_pct_change_1,A_autoregressive_freight,-401.278,401.278,0.396
Cape,target_kobc_cape_next,kobc_cape_pct_change_21,A_autoregressive_freight,233.9512,233.9512,0.0
Cape,target_kobc_cape_next,kobc_cape_pct_change_5,A_autoregressive_freight,-501.8314,501.8314,0.0566
Cape,target_kobc_cape_next,kobc_cape_return_vol_30,A_autoregressive_freight,228.8176,228.8176,0.3563
Cape,target_kobc_cape_next,kobc_cape_return_vol_7,A_autoregressive_freight,197.9726,197.9726,0.0381
Cape,target_kobc_cape_next,kobc_cape_roll_max_30,A_autoregressive_freight,-604.3025,604.3025,0.0
Cape,target_kobc_cape_next,kobc_cape_roll_max_7,A_autoregressive_freight,-2666.4131,2666.4131,1.5423
Cape,target_kobc_cape_next,kobc_cape_roll_mean_30,A_autoregressive_freight,347.2192,347.2192,0.0
Cape,target_kobc_cape_next,kobc_cape_roll_mean_7,A_autoregressive_freight,919.2949,919.2949,0.147
Cape,target_kobc_cape_next,kobc_cape_roll_min_30,A_autoregressive_freight,51.0976,51.0976,0.2313
Cape,target_kobc_cape_next,kobc_cape_roll_min_7,A_autoregressive_freight,1743.518,1743.518,4.1496
Cape,target_kobc_cape_next,kobc_cape_roll_std_30,A_autoregressive_freight,42.4928,42.4928,0.0771
Cape,target_kobc_cape_next,kobc_cape_roll_std_7,A_autoregressive_freight,896.0328,896.0328,0.0444
Cape,target_kobc_cape_next,kobc_handy_diff_1,A_autoregressive_freight,-226.6528,226.6528,0.191
Cape,target_kobc_cape_next,kobc_handy_diff_21,A_autoregressive_freight,59.0513,59.0513,0.0934
Cape,target_kobc_cape_next,kobc_handy_diff_5,A_autoregressive_freight,584.9543,584.9543,0.1278
Cape,target_kobc_cape_next,kobc_handy_lag_1,A_autoregressive_freight,-14.778,14.778,0.0
Cape,target_kobc_cape_next,kobc_handy_lag_10,A_autoregressive_freight,115.5326,115.5326,0.042
Cape,target_kobc_cape_next,kobc_handy_lag_2,A_autoregressive_freight,-222.9347,222.9347,0.0
Cape,target_kobc_cape_next,kobc_handy_lag_21,A_autoregressive_freight,-47.0463,47.0463,0.0508
Cape,target_kobc_cape_next,kobc_handy_lag_3,A_autoregressive_freight,-210.2751,210.2751,0.0914
Cape,target_kobc_cape_next,kobc_handy_lag_5,A_autoregressive_freight,-107.9532,107.9532,0.0
Cape,target_kobc_cape_next,kobc_handy_level,A_autoregressive_freight,-22.8409,22.8409,0.0
Cape,target_kobc_cape_next,kobc_handy_log_return_1,A_autoregressive_freight,239.0242,239.0242,0.5355
Cape,target_kobc_cape_next,kobc_handy_log_return_5,A_autoregressive_freight,-73.9215,73.9215,0.1195
Cape,target_kobc_cape_next,kobc_handy_pct_change_1,A_autoregressive_freight,-105.011,105.011,0.1439
Cape,target_kobc_cape_next,kobc_handy_pct_change_21,A_autoregressive_freight,7.2105,7.2105,0.0
Cape,target_kobc_cape_next,kobc_handy_pct_change_5,A_autoregressive_freight,-107.8856,107.8856,0.1853
Cape,target_kobc_cape_next,kobc_handy_return_vol_30,A_autoregressive_freight,-23.5608,23.5608,0.1125
Cape,target_kobc_cape_next,kobc_handy_return_vol_7,A_autoregressive_freight,-117.0571,117.0571,0.0703
Cape,target_kobc_cape_next,kobc_handy_roll_max_30,A_autoregressive_freight,1337.9574,1337.9574,0.5816
Cape,target_kobc_cape_next,kobc_handy_roll_max_7,A_autoregressive_freight,-53.3814,53.3814,0.0
Cape,target_kobc_cape_next,kobc_handy_roll_mean_30,A_autoregressive_freight,-207.696,207.696,0.0
Cape,target_kobc_cape_next,kobc_handy_roll_mean_7,A_autoregressive_freight,-253.7039,253.7039,0.0
Cape,target_kobc_cape_next,kobc_handy_roll_min_30,A_autoregressive_freight,-537.7527,537.7527,0.0
Cape,target_kobc_cape_next,kobc_handy_roll_min_7,A_autoregressive_freight,274.1911,274.1911,0.0
Cape,target_kobc_cape_next,kobc_handy_roll_std_30,A_autoregressive_freight,-164.0705,164.0705,0.0547
Cape,target_kobc_cape_next,kobc_handy_roll_std_7,A_autoregressive_freight,-115.837,115.837,0.0614
Cape,target_kobc_cape_next,kobc_kdci_diff_1,C_kdci_features,628.1243,628.1243,0.2619
Cape,target_kobc_cape_next,kobc_kdci_diff_21,C_kdci_features,357.925,357.925,0.0713
Cape,target_kobc_cape_next,kobc_kdci_diff_5,C_kdci_features,571.1444,571.1444,0.1191
Cape,target_kobc_cape_next,kobc_kdci_lag_1,C_kdci_features,398.4795,398.4795,1.602
Cape,target_kobc_cape_next,kobc_kdci_lag_10,C_kdci_features,-302.412,302.412,0.0
Cape,target_kobc_cape_next,kobc_kdci_lag_2,C_kdci_features,379.8476,379.8476,0.3192
Cape,target_kobc_cape_next,kobc_kdci_lag_21,C_kdci_features,219.1448,219.1448,0.0728
Cape,target_kobc_cape_next,kobc_kdci_lag_3,C_kdci_features,134.1145,134.1145,0.1028
Cape,target_kobc_cape_next,kobc_kdci_lag_5,C_kdci_features,299.7371,299.7371,0.0
Cape,target_kobc_cape_next,kobc_kdci_level,C_kdci_features,442.3111,442.3111,7.3339
Cape,target_kobc_cape_next,kobc_kdci_log_return_1,C_kdci_features,398.2469,398.2469,0.3677
Cape,target_kobc_cape_next,kobc_kdci_log_return_5,C_kdci_features,401.3195,401.3195,0.0
Cape,target_kobc_cape_next,kobc_kdci_pct_change_1,C_kdci_features,-218.7771,218.7771,0.1433
Cape,target_kobc_cape_next,kobc_kdci_pct_change_21,C_kdci_features,-35.4064,35.4064,0.0
Cape,target_kobc_cape_next,kobc_kdci_pct_change_5,C_kdci_features,-19.2328,19.2328,0.0
Cape,target_kobc_cape_next,kobc_kdci_return_vol_30,C_kdci_features,-132.2024,132.2024,0.0276
Cape,target_kobc_cape_next,kobc_kdci_return_vol_7,C_kdci_features,-203.1183,203.1183,0.0
Cape,target_kobc_cape_next,kobc_kdci_roll_max_30,C_kdci_features,449.9017,449.9017,0.0
Cape,target_kobc_cape_next,kobc_kdci_roll_max_7,C_kdci_features,-727.8339,727.8339,0.0
Cape,target_kobc_cape_next,kobc_kdci_roll_mean_30,C_kdci_features,302.1182,302.1182,0.0
Cape,target_kobc_cape_next,kobc_kdci_roll_mean_7,C_kdci_features,291.4441,291.4441,0.0
Cape,target_kobc_cape_next,kobc_kdci_roll_min_30,C_kdci_features,665.6884,665.6884,0.0636
Cape,target_kobc_cape_next,kobc_kdci_roll_min_7,C_kdci_features,2357.9002,2357.9002,0.0
Cape,target_kobc_cape_next,kobc_kdci_roll_std_30,C_kdci_features,56.0634,56.0634,0.0352
Cape,target_kobc_cape_next,kobc_kdci_roll_std_7,C_kdci_features,345.3675,345.3675,0.0
Cape,target_kobc_cape_next,kobc_panamax_diff_1,A_autoregressive_freight,-158.5187,158.5187,0.1096
Cape,target_kobc_cape_next,kobc_panamax_diff_21,A_autoregressive_freight,-221.118,221.118,0.2554
Cape,target_kobc_cape_next,kobc_panamax_diff_5,A_autoregressive_freight,-194.705,194.705,0.0298
Cape,target_kobc_cape_next,kobc_panamax_lag_1,A_autoregressive_freight,-172.0722,172.0722,0.0
Cape,target_kobc_cape_next,kobc_panamax_lag_10,A_autoregressive_freight,-304.3445,304.3445,0.0
Cape,target_kobc_cape_next,kobc_panamax_lag_2,A_autoregressive_freight,-338.4583,338.4583,0.0
Cape,target_kobc_cape_next,kobc_panamax_lag_21,A_autoregressive_freight,-69.7319,69.7319,0.0389
Cape,target_kobc_cape_next,kobc_panamax_lag_3,A_autoregressive_freight,-467.403,467.403,0.0
Cape,target_kobc_cape_next,kobc_panamax_lag_5,A_autoregressive_freight,-136.7829,136.7829,0.0
Cape,target_kobc_cape_next,kobc_panamax_level,A_autoregressive_freight,-181.9918,181.9918,0.0
Cape,target_kobc_cape_next,kobc_panamax_log_return_1,A_autoregressive_freight,-272.6673,272.6673,0.0883
Cape,target_kobc_cape_next,kobc_panamax_log_return_5,A_autoregressive_freight,108.1559,108.1559,0.0
Cape,target_kobc_cape_next,kobc_panamax_pct_change_1,A_autoregressive_freight,184.719,184.719,0.0
Cape,target_kobc_cape_next,kobc_panamax_pct_change_21,A_autoregressive_freight,15.6591,15.6591,0.1602
Cape,target_kobc_cape_next,kobc_panamax_pct_change_5,A_autoregressive_freight,-152.1241,152.1241,0.0
Cape,target_kobc_cape_next,kobc_panamax_return_vol_30,A_autoregressive_freight,46.6335,46.6335,0.0855
Cape,target_kobc_cape_next,kobc_panamax_return_vol_7,A_autoregressive_freight,151.7716,151.7716,0.0668
Cape,target_kobc_cape_next,kobc_panamax_roll_max_30,A_autoregressive_freight,217.4812,217.4812,0.1646
Cape,target_kobc_cape_next,kobc_panamax_roll_max_7,A_autoregressive_freight,402.1981,402.1981,0.0
Cape,target_kobc_cape_next,kobc_panamax_roll_mean_30,A_autoregressive_freight,380.5758,380.5758,0.102
Cape,target_kobc_cape_next,kobc_panamax_roll_mean_7,A_autoregressive_freight,-30.602,30.602,0.0
Cape,target_kobc_cape_next,kobc_panamax_roll_min_30,A_autoregressive_freight,-192.0466,192.0466,0.0
Cape,target_kobc_cape_next,kobc_panamax_roll_min_7,A_autoregressive_freight,115.2713,115.2713,0.1094
Cape,target_kobc_cape_next,kobc_panamax_roll_std_30,A_autoregressive_freight,-156.4178,156.4178,1.2406
Cape,target_kobc_cape_next,kobc_panamax_roll_std_7,A_autoregressive_freight,-74.5081,74.5081,0.1395
Cape,target_kobc_cape_next,kobc_supramax_diff_1,A_autoregressive_freight,278.8117,278.8117,0.1398
Cape,target_kobc_cape_next,kobc_supramax_diff_21,A_autoregressive_freight,-248.3399,248.3399,3.6578
Cape,target_kobc_cape_next,kobc_supramax_diff_5,A_autoregressive_freight,-960.9526,960.9526,0.0
Cape,target_kobc_cape_next,kobc_supramax_lag_1,A_autoregressive_freight,-441.155,441.155,0.0
Cape,target_kobc_cape_next,kobc_supramax_lag_10,A_autoregressive_freight,-551.1886,551.1886,0.0
Cape,target_kobc_cape_next,kobc_supramax_lag_2,A_autoregressive_freight,-330.2797,330.2797,0.0237
Cape,target_kobc_cape_next,kobc_supramax_lag_21,A_autoregressive_freight,-314.3973,314.3973,0.6806
Cape,target_kobc_cape_next,kobc_supramax_lag_3,A_autoregressive_freight,406.7907,406.7907,0.6962
Cape,target_kobc_cape_next,kobc_supramax_lag_5,A_autoregressive_freight,-264.9346,264.9346,0.0935
Cape,target_kobc_cape_next,kobc_supramax_level,A_autoregressive_freight,-429.985,429.985,0.0373
Cape,target_kobc_cape_next,kobc_supramax_log_return_1,A_autoregressive_freight,-49.3481,49.3481,0.1809
Cape,target_kobc_cape_next,kobc_supramax_log_return_5,A_autoregressive_freight,-149.7551,149.7551,0.0
Cape,target_kobc_cape_next,kobc_supramax_pct_change_1,A_autoregressive_freight,-282.1295,282.1295,0.0
Cape,target_kobc_cape_next,kobc_supramax_pct_change_21,A_autoregressive_freight,204.6748,204.6748,3.9234
Cape,target_kobc_cape_next,kobc_supramax_pct_change_5,A_autoregressive_freight,444.5161,444.5161,0.0
Cape,target_kobc_cape_next,kobc_supramax_return_vol_30,A_autoregressive_freight,38.7612,38.7612,0.0946
Cape,target_kobc_cape_next,kobc_supramax_return_vol_7,A_autoregressive_freight,89.8193,89.8193,0.0846
Cape,target_kobc_cape_next,kobc_supramax_roll_max_30,A_autoregressive_freight,573.5161,573.5161,0.0405
Cape,target_kobc_cape_next,kobc_supramax_roll_max_7,A_autoregressive_freight,628.131,628.131,0.0
Cape,target_kobc_cape_next,kobc_supramax_roll_mean_30,A_autoregressive_freight,265.9447,265.9447,0.0
Cape,target_kobc_cape_next,kobc_supramax_roll_mean_7,A_autoregressive_freight,-182.7208,182.7208,0.0
Cape,target_kobc_cape_next,kobc_supramax_roll_min_30,A_autoregressive_freight,-240.8366,240.8366,0.0
Cape,target_kobc_cape_next,kobc_supramax_roll_min_7,A_autoregressive_freight,-138.6376,138.6376,0.0
Cape,target_kobc_cape_next,kobc_supramax_roll_std_30,A_autoregressive_freight,-273.3702,273.3702,0.0697
Cape,target_kobc_cape_next,kobc_supramax_roll_std_7,A_autoregressive_freight,-65.6656,65.6656,0.1579
Cape,target_kobc_cape_next,paradip_turnaround_time_days_lag_1,I_port_operational,-456.4842,456.4842,0.1057
Cape,target_kobc_cape_next,south_africa_coal_lag_1,D_commodity_energy,227.5987,227.5987,0.0986
Cape,target_kobc_cape_next,south_africa_coal_pct_change_1,D_commodity_energy,24.3431,24.3431,0.0
Cape,target_kobc_cape_next,south_africa_coal_pct_change_21,D_commodity_energy,317.5717,317.5717,0.0575
Cape,target_kobc_cape_next,usd_inr_lag_1,E_fx_macro,156.6004,156.6004,0.0568
Cape,target_kobc_cape_next,usd_inr_pct_change_1,E_fx_macro,-25.7327,25.7327,0.0437
Cape,target_kobc_cape_next,usd_inr_pct_change_5,E_fx_macro,25.0206,25.0206,2.4174
Cape,target_kobc_cape_next,visakhapatnam_turnaround_time_days_lag_1,I_port_operational,-302.4941,302.4941,0.0
Cape,target_kobc_cape_next,world_fleet_total_dwt_thousands_lag_1,I_port_operational,-753.7084,753.7084,0.0
Cape,target_kobc_cape_next,wti_usd_bbl_lag_1,D_commodity_energy,110.8094,110.8094,0.0643
Cape,target_kobc_cape_next,wti_usd_bbl_pct_change_1,D_commodity_energy,12.8576,12.8576,0.0365
Cape,target_kobc_cape_next,wti_usd_bbl_pct_change_5,D_commodity_energy,-35.4843,35.4843,0.0357
