mae,rmse,mape,smape,r2,da_pct,fold,model,target,vessel,train_size,test_size
115.75,158.55,0.98,0.98,0.9832,0.0,1,Persistence,target_kobc_handy_next,Handy,949,126
152.98,190.87,1.32,1.33,0.9756,63.49,1,Ridge,target_kobc_handy_next,Handy,949,126
232.43,316.35,1.96,1.99,0.9329,50.79,1,XGBoost,target_kobc_handy_next,Handy,949,126
1186.57,1712.72,9.53,8.81,-1.333,41.88,1,LSTM,target_kobc_handy_next,Handy,949,126
175.69,217.5,1.14,1.14,0.9639,0.0,1,Persistence,target_kobc_supramax_next,Supramax,949,126
264.42,308.63,1.73,1.71,0.9273,62.7,1,Ridge,target_kobc_supramax_next,Supramax,949,126
193.67,252.66,1.25,1.25,0.9513,61.9,1,XGBoost,target_kobc_supramax_next,Supramax,949,126
1729.37,2393.87,11.01,10.18,-3.3561,50.43,1,LSTM,target_kobc_supramax_next,Supramax,949,126
289.58,386.22,1.74,1.74,0.9608,0.79,1,Persistence,target_kobc_panamax_next,Panamax,949,126
248.83,313.86,1.49,1.49,0.9741,65.08,1,Ridge,target_kobc_panamax_next,Panamax,949,126
297.44,385.17,1.77,1.77,0.961,65.08,1,XGBoost,target_kobc_panamax_next,Panamax,949,126
1734.05,2025.91,10.11,9.85,-0.2774,43.59,1,LSTM,target_kobc_panamax_next,Panamax,949,126
1199.63,1505.57,4.52,4.53,0.9321,0.0,1,Persistence,target_kobc_cape_next,Cape,949,126
1051.01,1351.81,4.02,4.02,0.9452,66.67,1,Ridge,target_kobc_cape_next,Cape,949,126
1198.93,1496.12,4.48,4.55,0.9329,64.29,1,XGBoost,target_kobc_cape_next,Cape,949,126
2214.85,2704.66,7.85,8.06,0.7565,47.01,1,LSTM,target_kobc_cape_next,Cape,949,126
93.81,130.43,1.03,1.02,0.9957,0.0,2,Persistence,target_kobc_handy_next,Handy,1075,127
115.64,146.32,1.18,1.18,0.9946,74.8,2,Ridge,target_kobc_handy_next,Handy,1075,127
125.27,187.46,1.47,1.43,0.9912,54.33,2,XGBoost,target_kobc_handy_next,Handy,1075,127
1154.28,1255.37,10.95,11.56,0.5998,73.73,2,LSTM,target_kobc_handy_next,Handy,1075,127
120.16,161.24,0.94,0.93,0.9957,0.0,2,Persistence,target_kobc_supramax_next,Supramax,1075,127
161.91,185.85,1.16,1.17,0.9943,74.8,2,Ridge,target_kobc_supramax_next,Supramax,1075,127
125.55,170.37,0.9,0.9,0.9952,72.44,2,XGBoost,target_kobc_supramax_next,Supramax,1075,127
449.36,556.82,3.43,3.45,0.9476,70.34,2,LSTM,target_kobc_supramax_next,Supramax,1075,127
150.21,201.73,1.3,1.29,0.9947,1.57,2,Persistence,target_kobc_panamax_next,Panamax,1075,127
189.93,257.93,1.77,1.74,0.9914,56.69,2,Ridge,target_kobc_panamax_next,Panamax,1075,127
276.44,363.0,2.76,2.68,0.983,48.03,2,XGBoost,target_kobc_panamax_next,Panamax,1075,127
2275.94,2471.96,19.48,17.55,0.1647,24.58,2,LSTM,target_kobc_panamax_next,Panamax,1075,127
729.01,972.89,3.57,3.54,0.9825,0.0,2,Persistence,target_kobc_cape_next,Cape,1075,127
953.08,1188.88,5.16,4.97,0.9739,47.24,2,Ridge,target_kobc_cape_next,Cape,1075,127
716.31,948.36,3.48,3.42,0.9834,61.42,2,XGBoost,target_kobc_cape_next,Cape,1075,127
2563.83,2943.91,14.32,12.86,0.8465,47.46,2,LSTM,target_kobc_cape_next,Cape,1075,127
82.82,115.75,1.04,1.05,0.9901,0.79,3,Persistence,target_kobc_handy_next,Handy,1202,126
113.3,141.79,1.37,1.36,0.9851,57.94,3,Ridge,target_kobc_handy_next,Handy,1202,126
85.71,110.81,1.04,1.05,0.9909,61.11,3,XGBoost,target_kobc_handy_next,Handy,1202,126
571.33,702.2,6.69,6.5,0.3627,51.28,3,LSTM,target_kobc_handy_next,Handy,1202,126
132.06,173.02,1.13,1.14,0.99,0.79,3,Persistence,target_kobc_supramax_next,Supramax,1202,126
105.36,137.28,0.91,0.91,0.9937,67.46,3,Ridge,target_kobc_supramax_next,Supramax,1202,126
95.23,128.67,0.81,0.81,0.9945,79.37,3,XGBoost,target_kobc_supramax_next,Supramax,1202,126
527.11,707.96,4.44,4.31,0.7762,56.41,3,LSTM,target_kobc_supramax_next,Supramax,1202,126
233.9,321.62,1.97,1.99,0.9763,0.0,3,Persistence,target_kobc_panamax_next,Panamax,1202,126
209.77,291.85,1.8,1.82,0.9805,65.08,3,Ridge,target_kobc_panamax_next,Panamax,1202,126
198.96,265.12,1.69,1.69,0.9839,73.81,3,XGBoost,target_kobc_panamax_next,Panamax,1202,126
968.84,1172.94,8.18,7.68,0.6285,54.7,3,LSTM,target_kobc_panamax_next,Panamax,1202,126
867.16,1209.03,4.15,4.2,0.9629,0.79,3,Persistence,target_kobc_cape_next,Cape,1202,126
758.82,979.92,3.81,3.87,0.9756,72.22,3,Ridge,target_kobc_cape_next,Cape,1202,126
777.85,1021.85,3.9,3.95,0.9735,70.63,3,XGBoost,target_kobc_cape_next,Cape,1202,126
1820.98,2316.05,8.98,8.63,0.8315,52.99,3,LSTM,target_kobc_cape_next,Cape,1202,126
79.61,132.4,0.76,0.75,0.986,0.0,4,Persistence,target_kobc_handy_next,Handy,1328,127
99.9,141.03,0.96,0.96,0.9841,57.48,4,Ridge,target_kobc_handy_next,Handy,1328,127
104.22,149.73,0.98,0.98,0.9821,58.27,4,XGBoost,target_kobc_handy_next,Handy,1328,127
1443.72,1515.34,13.86,12.84,-0.7173,44.07,4,LSTM,target_kobc_handy_next,Handy,1328,127
167.46,254.57,1.07,1.06,0.9841,0.0,4,Persistence,target_kobc_supramax_next,Supramax,1328,127
167.86,235.34,1.05,1.05,0.9864,62.2,4,Ridge,target_kobc_supramax_next,Supramax,1328,127
243.59,307.55,1.47,1.48,0.9767,57.48,4,XGBoost,target_kobc_supramax_next,Supramax,1328,127
713.19,936.91,4.8,4.63,0.7987,50.0,4,LSTM,target_kobc_supramax_next,Supramax,1328,127
240.17,338.33,1.56,1.56,0.978,0.0,4,Persistence,target_kobc_panamax_next,Panamax,1328,127
270.37,350.88,1.68,1.69,0.9763,66.93,4,Ridge,target_kobc_panamax_next,Panamax,1328,127
238.73,327.65,1.53,1.53,0.9794,66.93,4,XGBoost,target_kobc_panamax_next,Panamax,1328,127
1106.91,1359.39,7.48,7.1,0.6653,53.39,4,LSTM,target_kobc_panamax_next,Panamax,1328,127
987.43,1260.76,3.3,3.31,0.8796,0.0,4,Persistence,target_kobc_cape_next,Cape,1328,127
881.26,1133.42,2.94,2.96,0.9027,70.08,4,Ridge,target_kobc_cape_next,Cape,1328,127
833.22,1071.91,2.79,2.81,0.913,70.08,4,XGBoost,target_kobc_cape_next,Cape,1328,127
1741.7,2246.72,5.68,5.82,0.6411,51.69,4,LSTM,target_kobc_cape_next,Cape,1328,127
100.44,137.65,0.79,0.79,0.9932,0.0,5,Persistence,target_kobc_handy_next,Handy,1455,127
95.55,124.46,0.75,0.75,0.9944,66.14,5,Ridge,target_kobc_handy_next,Handy,1455,127
365.47,450.32,2.56,2.54,0.9271,51.18,5,XGBoost,target_kobc_handy_next,Handy,1455,127
1893.21,2163.09,13.74,12.64,-0.9586,63.56,5,LSTM,target_kobc_handy_next,Handy,1455,127
168.2,227.21,0.93,0.93,0.9885,0.0,5,Persistence,target_kobc_supramax_next,Supramax,1455,127
151.92,187.79,0.81,0.81,0.9921,63.78,5,Ridge,target_kobc_supramax_next,Supramax,1455,127
297.64,377.6,1.53,1.54,0.9681,63.78,5,XGBoost,target_kobc_supramax_next,Supramax,1455,127
1052.25,1291.92,5.46,5.58,0.6268,44.92,5,LSTM,target_kobc_supramax_next,Supramax,1455,127
266.43,343.25,1.33,1.33,0.9582,0.0,5,Persistence,target_kobc_panamax_next,Panamax,1455,127
230.78,303.13,1.16,1.16,0.9674,69.29,5,Ridge,target_kobc_panamax_next,Panamax,1455,127
236.52,309.63,1.19,1.19,0.966,58.27,5,XGBoost,target_kobc_panamax_next,Panamax,1455,127
1645.22,2139.03,8.39,7.98,-0.5682,49.15,5,LSTM,target_kobc_panamax_next,Panamax,1455,127
1246.85,1578.42,3.09,3.09,0.9561,0.0,5,Persistence,target_kobc_cape_next,Cape,1455,127
1234.56,1600.53,3.04,3.06,0.9548,53.54,5,Ridge,target_kobc_cape_next,Cape,1455,127
1617.99,2145.26,3.87,3.89,0.9188,50.39,5,XGBoost,target_kobc_cape_next,Cape,1455,127
5156.02,5905.56,12.03,12.98,0.339,47.46,5,LSTM,target_kobc_cape_next,Cape,1455,127
