date,actual_target_kobc_handy_next,pred_persistence_target_kobc_handy_next,pred_ridge_target_kobc_handy_next,pred_xgboost_target_kobc_handy_next,pred_lstm_target_kobc_handy_next,actual_target_kobc_supramax_next,pred_persistence_target_kobc_supramax_next,pred_ridge_target_kobc_supramax_next,pred_xgboost_target_kobc_supramax_next,pred_lstm_target_kobc_supramax_next,actual_target_kobc_panamax_next,pred_persistence_target_kobc_panamax_next,pred_ridge_target_kobc_panamax_next,pred_xgboost_target_kobc_panamax_next,pred_lstm_target_kobc_panamax_next,actual_target_kobc_cape_next,pred_persistence_target_kobc_cape_next,pred_ridge_target_kobc_cape_next,pred_xgboost_target_kobc_cape_next,pred_lstm_target_kobc_cape_next
2025-08-29,11571.0,11631.0,11797.161247785132,11616.876,11631.0,17862.0,18139.0,18001.38082282426,17887.754,18139.0,16781.0,16950.0,16956.252230138467,16960.662,16950.0,27914.0,27633.0,28385.369186921496,27616.613,27633.0
2025-09-01,11462.0,11571.0,11705.915447975342,11456.021,11571.0,17829.0,17862.0,17601.574388531968,17693.932,17862.0,16419.0,16781.0,16670.453606363786,16604.748,16781.0,27673.0,27914.0,28564.1781565476,28387.244,27914.0
2025-09-02,11353.0,11462.0,11532.14438517645,11461.697,11462.0,17510.0,17829.0,17740.976793273745,17723.697,17829.0,16416.0,16419.0,16165.78062731983,16030.215,16419.0,26970.0,27673.0,27606.890043976862,27657.941,27673.0
2025-09-03,11311.0,11353.0,11445.936319853787,11170.531,11353.0,17348.0,17510.0,17282.06870743577,17136.254,17510.0,16314.0,16416.0,16446.893036930545,16065.443,16416.0,26818.0,26970.0,27297.23680738813,26589.135,26970.0
2025-09-04,11287.0,11311.0,11472.438472236492,11180.722,11311.0,17524.0,17348.0,17192.180816029024,16980.756,17348.0,16352.0,16314.0,16238.216312568675,15956.759,16314.0,27030.0,26818.0,27802.432385405333,27067.531,26818.0
2025-09-05,11282.0,11287.0,11546.531410195515,11175.591,11287.0,17698.0,17524.0,17484.830248638285,17228.258,17524.0,16406.0,16352.0,16485.925790140533,16065.443,16352.0,27236.0,27030.0,28161.839784209387,27510.201,27030.0
2025-09-08,11273.0,11282.0,11518.072512788229,11175.591,11282.0,17789.0,17698.0,17603.947630918166,17495.809,17698.0,16784.0,16406.0,16453.27911896366,16081.924,16406.0,27856.0,27236.0,27668.157874969853,27510.201,27236.0
2025-09-09,11228.0,11273.0,11462.626871496874,11175.591,11273.0,17855.0,17789.0,17621.220289679924,17716.17,17789.0,17108.0,16784.0,16988.299178157024,16778.68,16784.0,28537.0,27856.0,28520.986863231883,28956.438,27856.0
2025-09-10,11159.0,11228.0,11428.910772349353,11175.591,11228.0,17908.0,17855.0,17726.868934126825,17745.018,17855.0,17447.0,17108.0,17318.815178303434,17163.426,17108.0,28296.0,28537.0,29154.496609645663,29059.418,28537.0
2025-09-11,11228.0,11159.0,11316.537406396375,11175.591,11744.7861328125,18046.0,17908.0,17728.043483327434,17772.492,17726.3515625,17529.0,17447.0,17466.291712416973,17596.732,20584.345703125,27843.0,28296.0,28448.971224583052,28201.121,33176.2890625
2025-09-12,11336.0,11228.0,11381.87687840384,11199.747,12124.5234375,18124.0,18046.0,17862.667913789814,17890.053,18361.21875,17531.0,17529.0,17400.696684269165,17497.967,21044.212890625,28083.0,27843.0,28126.41613707746,27911.068,31503.578125
2025-09-15,11294.0,11336.0,11444.86933946673,11251.253,12222.328125,18064.0,18124.0,17931.689149878992,17795.844,18193.96875,17608.0,17531.0,17389.517555596834,17639.11,20633.767578125,29176.0,28083.0,28438.58078412679,28332.623,31166.83203125
2025-09-16,11221.0,11294.0,11352.378282520434,11180.722,12436.38671875,17957.0,18064.0,17833.966738419676,17757.377,18305.70703125,17393.0,17608.0,17474.518453680623,17655.59,20722.521484375,29238.0,29176.0,29890.534902190106,29612.7,33277.7265625
2025-09-17,11199.0,11221.0,11279.309127186796,11159.898,12082.537109375,17955.0,17957.0,17678.879879630585,17710.46,17959.814453125,17474.0,17393.0,17136.866529227416,17345.3,20243.9453125,29980.0,29238.0,29674.311846219323,29085.3,33299.3046875
2025-09-18,11177.0,11199.0,11327.992539557512,11159.898,12019.71875,17946.0,17955.0,17765.813749460376,17757.377,17437.568359375,17392.0,17474.0,17381.79760407074,17357.852,19938.91015625,31142.0,29980.0,30966.61382873992,30067.959,34868.32421875
2025-09-19,11188.0,11177.0,11309.153577453877,11159.898,12242.6162109375,17994.0,17946.0,17735.815253661436,17740.615,18092.35546875,17216.0,17392.0,17284.595939616906,17262.246,20212.623046875,31019.0,31142.0,32434.323901088304,31488.166,37596.6640625
2025-09-22,11214.0,11188.0,11317.921422478428,11199.747,11850.9716796875,17979.0,17994.0,17793.98341831267,17755.73,16903.26953125,17175.0,17216.0,16996.837161976153,17201.996,18578.123046875,31129.0,31019.0,31344.390500082314,30715.39,33693.6484375
2025-09-23,11230.0,11214.0,11349.23047480092,11184.055,11851.0849609375,18083.0,17979.0,17813.120232044592,17740.615,16548.85546875,17527.0,17175.0,17037.788049058476,17023.33,18172.810546875,31808.0,31129.0,31667.48089306271,30792.145,33066.078125
2025-09-24,11177.0,11230.0,11394.157389793585,11199.747,12173.625,18130.0,18083.0,17992.512357560197,17858.32,17191.8828125,17800.0,17527.0,17616.09536178099,17749.95,19034.755859375,32519.0,31808.0,32778.205683470405,32447.666,35175.15234375
2025-09-25,11284.0,11177.0,11332.026736486792,11175.591,12232.169921875,18323.0,18130.0,17977.8286574064,17772.492,17349.599609375,17810.0,17800.0,17846.602016909867,18052.207,19395.400390625,32943.0,32519.0,33256.472868964745,33267.26,36139.9921875
2025-09-26,11210.0,11284.0,11449.159973144257,11251.253,12780.8349609375,18311.0,18323.0,18183.7890491796,18193.42,17989.947265625,17755.0,17810.0,17731.25452786807,17832.676,19899.919921875,32705.0,32943.0,33632.117640860735,33200.68,37936.2265625
2025-09-29,11203.0,11210.0,11290.342609758696,11159.898,12474.6015625,18338.0,18311.0,18064.74969273934,18001.586,17717.302734375,17549.0,17755.0,17604.453076821832,17598.908,19447.470703125,30939.0,32705.0,32911.60664785939,32117.188,36144.578125
2025-09-30,11288.0,11203.0,11239.912042547765,11155.384,11961.5078125,18335.0,18338.0,18092.110942752694,17989.637,17078.6875,17069.0,17549.0,17436.88443029359,17480.045,18560.208984375,28007.0,30939.0,30902.80536796648,29307.291,30658.0234375
2025-10-01,11299.0,11288.0,11279.464304804746,11179.54,11902.46875,18308.0,18335.0,18053.977691770793,17994.973,17302.5390625,16524.0,17069.0,16658.782380061788,16949.945,18223.123046875,25663.0,28007.0,27350.235992153008,26739.445,28047.4609375
2025-10-02,11291.0,11299.0,11261.65232774262,11169.257,11578.345703125,17605.0,18308.0,18045.584610605554,18000.193,16927.3671875,17276.0,16524.0,16101.835475499951,16355.7705,17421.603515625,25673.0,25663.0,25217.73972020344,24153.143,25976.634765625
2025-10-10,11319.0,11291.0,11102.89635562717,11137.98,11196.9130859375,17745.0,17605.0,17253.357878094674,17102.008,16536.501953125,17780.0,17276.0,17475.10560636176,17659.75,18226.67578125,28397.0,25673.0,27058.98986075549,25445.246,27254.9453125
2025-10-13,11356.0,11319.0,11445.824706379002,11226.218,11233.1728515625,17627.0,17745.0,17748.454889609464,17668.613,16761.857421875,18184.0,17780.0,17906.091990567,18099.451,18419.498046875,30069.0,28397.0,30365.459044852527,29415.256,31390.482421875
2025-10-14,11403.0,11356.0,11308.774982154919,11210.525,11237.26171875,17645.0,17627.0,17518.4171536225,17475.41,17487.984375,18497.0,18184.0,18096.149563135146,18512.373,19401.07421875,28200.0,30069.0,30499.523845766125,30380.41,33281.4375
2025-10-15,11483.0,11403.0,11397.671274080401,11200.363,11083.5302734375,17763.0,17645.0,17486.772668661586,17440.416,17643.857421875,18455.0,18497.0,18394.696816976768,18794.47,19530.412109375,28426.0,28200.0,27487.043584231662,27118.242,27981.439453125
2025-10-16,11499.0,11483.0,11530.511564392451,11494.778,11074.28125,17649.0,17763.0,17655.40374523346,17738.168,17661.919921875,18323.0,18455.0,18353.456248984123,18183.111,19445.37890625,29543.0,28426.0,29354.600014217427,28306.002,30039.935546875
2025-10-17,11531.0,11499.0,11409.708985281486,11485.854,10895.8828125,17590.0,17649.0,17504.391123126934,17468.326,17036.224609375,18357.0,18323.0,18104.31553663381,18129.0,18781.369140625,29834.0,29543.0,30488.281988847266,29828.318,30324.74609375
2025-10-20,11528.0,11531.0,11478.851264844658,11485.854,11109.55859375,17555.0,17590.0,17417.003662778498,17206.686,17163.916015625,18391.0,18357.0,18182.136101263393,18190.664,18756.65234375,30386.0,29834.0,29698.637856389934,29356.602,30747.66015625
2025-10-21,11674.0,11528.0,11429.105463459253,11461.697,11252.755859375,17629.0,17555.0,17408.66685396584,17111.225,17466.806640625,18709.0,18391.0,18180.49858888116,18192.336,19051.826171875,30193.0,30386.0,30422.39635181126,29572.23,33526.484375
2025-10-22,11721.0,11674.0,11710.751689810579,11668.382,11769.287109375,17592.0,17629.0,17633.756294211635,17425.125,17601.03515625,19016.0,18709.0,18623.156172446423,18918.648,19223.73828125,29522.0,30193.0,30175.866351454075,29325.318,30765.28515625
2025-10-23,11725.0,11721.0,11769.646322538341,11762.478,12077.53125,17478.0,17592.0,17604.541387003763,17254.719,17941.57421875,19110.0,19016.0,19049.58299739508,18990.875,19712.98828125,27793.0,29522.0,29601.56474009814,28973.22,31054.58203125
2025-10-24,11723.0,11725.0,11713.06456304785,11733.807,12154.7958984375,17313.0,17478.0,17384.686235773337,17088.645,17638.111328125,19223.0,19110.0,18920.08886870526,18835.945,19602.369140625,26987.0,27793.0,27385.1459667272,27168.254,26951.810546875
2025-10-27,11690.0,11723.0,11695.324504090384,11738.321,12296.490234375,17088.0,17313.0,17247.45991107655,17119.143,17657.890625,19317.0,19223.0,19054.51367807313,19457.473,19472.68359375,26409.0,26987.0,26895.730763474556,27031.805,26738.30859375
2025-10-28,11685.0,11690.0,11591.956766684812,11732.6455,12223.525390625,16914.0,17088.0,16942.807651257306,17035.576,17518.916015625,19152.0,19317.0,19107.765387788837,19449.324,19519.25,26280.0,26409.0,26419.452457330037,26629.258,25997.447265625
2025-10-29,11578.0,11685.0,11574.24232591658,11738.321,12374.0166015625,16693.0,16914.0,16817.35023501328,16717.867,17549.19140625,19077.0,19152.0,18880.1355751338,18902.186,19549.021484375,26873.0,26280.0,26697.351420244722,27051.559,26657.607421875
2025-10-30,11602.0,11578.0,11464.16627669457,11610.548,12369.7373046875,16736.0,16693.0,16606.23431951877,16587.873,17419.59765625,18978.0,19077.0,18876.41422226625,18754.527,19569.091796875,27509.0,26873.0,27529.99925984983,27368.848,28555.421875
2025-10-31,11545.0,11602.0,11688.131260400216,11494.778,12274.8134765625,16718.0,16736.0,16821.624256255596,16689.533,16962.66015625,18956.0,18978.0,18927.607943271538,18710.727,19046.373046875,26896.0,27509.0,28304.7300847483,28201.365,27726.689453125
2025-11-03,11462.0,11545.0,11484.674131350439,11461.697,11739.6630859375,16628.0,16718.0,16608.61110496024,16666.455,16786.421875,18729.0,18956.0,18842.243019607296,18747.65,18421.037109375,26451.0,26896.0,26583.427605201454,26645.23,26286.939453125
2025-11-04,11377.0,11462.0,11387.82468179752,11461.697,12632.642578125,16483.0,16628.0,16503.41471973343,16550.842,17703.64453125,18402.0,18729.0,18296.57184896436,18606.602,19267.021484375,27291.0,26451.0,26568.624649811714,26705.266,28006.48828125
2025-11-05,11308.0,11377.0,11310.992744254123,11180.722,12406.3837890625,16573.0,16483.0,16371.56409009098,16234.406,17647.4921875,18418.0,18402.0,18068.14262652682,18127.076,19038.982421875,28804.0,27291.0,27940.88555627183,27868.336,28670.6953125
2025-11-06,11270.0,11308.0,11306.956524785339,11196.414,11970.99609375,16592.0,16573.0,16537.2772039153,16480.305,16924.982421875,18434.0,18418.0,18229.946058669528,18192.336,18661.796875,30145.0,28804.0,29322.120635338084,29489.627,28199.0625
2025-11-07,11220.0,11270.0,11228.36019806399,11159.898,11576.486328125,16433.0,16592.0,16484.874867132832,16535.725,16553.669921875,18499.0,18434.0,18275.9189425131,18192.336,18490.76953125,30188.0,30145.0,30615.26356317813,30422.922,30855.21484375
2025-11-10,11261.0,11220.0,11145.715026377378,11159.898,11247.37109375,16616.0,16433.0,16322.410265376686,16241.925,16185.33984375,18656.0,18499.0,18362.20367231049,18524.547,18164.466796875,29263.0,30188.0,30104.501359299342,29276.904,29969.65625
2025-11-11,11233.0,11261.0,11307.339717791727,11199.747,11595.0673828125,16965.0,16616.0,16689.871880505598,16712.043,16791.650390625,18738.0,18656.0,18609.530227358828,18731.521,18758.41796875,28534.0,29263.0,29153.554756960508,28659.078,30245.1796875
2025-11-12,11295.0,11233.0,11263.059460163946,11175.591,12389.1181640625,17200.0,16965.0,17160.994731259598,16909.904,17749.6328125,18883.0,18738.0,18663.383896625233,18769.502,19706.16015625,27473.0,28534.0,28248.425095435297,28186.977,29381.90234375
2025-11-13,11348.0,11295.0,11307.08604206912,11199.747,11966.44921875,17432.0,17200.0,17229.1236241486,17210.709,17129.189453125,18881.0,18883.0,18879.513223513193,18805.043,19404.130859375,28328.0,27473.0,27422.673811243847,27381.895,28249.90625
2025-11-14,11390.0,11348.0,11387.019815850046,11199.747,12356.3388671875,17560.0,17432.0,17469.82307508152,17310.982,17724.15625,18825.0,18881.0,18870.992980752566,18753.021,19804.1015625,29241.0,28328.0,28995.404696904974,29083.87,31857.0625
2025-11-17,11360.0,11390.0,11409.192174027043,11220.57,12482.1376953125,17659.0,17560.0,17587.52962330459,17275.107,17754.865234375,18757.0,18825.0,18733.64254362444,18735.51,19478.529296875,30456.0,29241.0,29388.633759005435,29664.328,32420.048828125
2025-11-18,11368.0,11360.0,11375.040544827958,11196.414,12902.2099609375,17781.0,17659.0,17670.056034410656,17471.684,18169.01171875,18786.0,18757.0,18649.62012874711,18730.139,19680.083984375,32076.0,30456.0,30769.680198268,30225.686,32541.96484375
2025-11-19,11562.0,11368.0,11388.984490246143,11219.682,12975.140625,17957.0,17781.0,17768.741791302655,17811.639,18381.548828125,18779.0,18786.0,18708.787829888544,18747.65,19922.095703125,32468.0,32076.0,32565.15631530284,32770.12,34538.06640625
2025-11-20,11686.0,11562.0,11575.077887530419,11615.691,13272.0712890625,18028.0,17957.0,17962.031739610302,18014.84,18828.470703125,18742.0,18779.0,18636.866633102236,18747.65,20366.814453125,31540.0,32468.0,32637.335847448354,32755.447,37499.78125
2025-11-21,11598.0,11686.0,11714.646213172213,11668.382,13508.6728515625,17964.0,18028.0,18009.878089441867,17836.533,18943.41015625,18852.0,18742.0,18533.03537497189,18747.65,20218.306640625,32157.0,31540.0,31362.546995016135,31157.059,39254.5625
2025-11-24,11550.0,11598.0,11534.495099861962,11616.224,12699.708984375,17984.0,17964.0,17858.24101865698,17814.828,17752.271484375,19219.0,18852.0,18580.539580594443,18795.363,19280.189453125,32722.0,32157.0,32240.545019958212,33146.914,34922.1328125
2025-11-25,11750.0,11550.0,11582.095425053241,11461.697,13721.9423828125,18170.0,17984.0,17926.069328292804,17841.85,19298.50390625,19313.0,19219.0,19101.584021652227,19673.357,20558.634765625,34409.0,32722.0,33082.420959416704,33183.285,40169.30859375
2025-11-27,11835.0,11750.0,11835.706174407267,11740.323,13041.05859375,18302.0,18170.0,18162.140521238896,18038.545,18561.39453125,19310.0,19313.0,19058.22734293225,19659.074,19966.923828125,36226.0,34409.0,34827.77316988805,35187.48,38351.0390625
2025-11-28,11839.0,11835.0,11799.923073673628,11851.487,14704.2255859375,18464.0,18302.0,18365.170994429922,18252.342,20144.970703125,19252.0,19310.0,19007.624147222326,19753.512,20920.888671875,38408.0,36226.0,36589.91088788778,36716.355,43593.5703125
2025-12-01,11953.0,11839.0,11861.495173559933,11838.236,13647.404296875,18573.0,18464.0,18462.440781000943,18230.766,19557.08203125,19118.0,19252.0,19075.958526232513,19736.0,20390.94140625,39232.0,38408.0,39011.76616054504,39168.258,43984.00390625
2025-12-02,12169.0,11953.0,12004.517230878735,12003.997,13841.5263671875,18736.0,18573.0,18565.145031294902,18193.283,19818.3125,18855.0,19118.0,18863.57880598053,19268.908,20652.759765625,40092.0,39232.0,39402.48360968933,38977.105,46115.609375
2025-12-03,12281.0,12169.0,12298.132530042527,12353.694,14480.7802734375,18805.0,18736.0,18824.433947556427,18249.467,20424.291015625,18729.0,18855.0,18607.043350707445,18855.352,20889.353515625,43189.0,40092.0,40700.49624252798,40637.223,47587.6953125
2025-12-04,12253.0,12281.0,12375.409855896001,12409.184,14703.666015625,18756.0,18805.0,18824.700705950687,18083.365,20977.265625,18509.0,18729.0,18644.026965459692,19037.45,21279.390625,41976.0,43189.0,44518.17859042855,43697.41,50398.109375
2025-12-05,12216.0,12253.0,12299.386123933189,12284.26,14179.48046875,18575.0,18756.0,18660.60292959977,18002.477,20201.8671875,18200.0,18509.0,18180.233858016734,18756.402,20660.30859375,40271.0,41976.0,40804.47805540063,40753.715,47613.4609375
2025-12-08,12065.0,12216.0,12244.299864031298,12268.838,13828.4814453125,18260.0,18575.0,18444.54950313935,17972.322,19649.69921875,17812.0,18200.0,17750.208756977438,18318.764,20195.26953125,39496.0,40271.0,39102.98501527935,38196.684,44254.484375
2025-12-09,11960.0,12065.0,12020.941227812958,12099.431,13915.5,17749.0,18260.0,18108.757027693544,17773.727,19352.34765625,16391.0,17812.0,17422.777291713646,17934.07,20078.44140625,36297.0,39496.0,39219.01673941381,37244.86,43231.15234375
2025-12-10,11685.0,11960.0,11822.766385790514,11956.309,13441.73828125,17590.0,17749.0,17409.148880970708,17539.053,18505.18359375,16058.0,16391.0,15536.334865829034,16254.74,19284.341796875,33539.0,36297.0,34862.50222668178,33655.605,37980.984375
2025-12-11,11636.0,11685.0,11654.608790763075,11786.48,12380.2197265625,17478.0,17590.0,17479.880479218245,17136.168,17549.25,15990.0,16058.0,15953.819433970315,15858.989,18145.34765625,31693.0,33539.0,32427.325589098287,31320.799,34933.36328125
2025-12-12,11453.0,11636.0,11622.468354524222,11791.692,12304.064453125,17247.0,17478.0,17301.67313514563,16987.836,17388.185546875,15142.0,15990.0,15994.009058615336,15746.091,17998.259765625,31446.0,31693.0,31725.89896972072,29867.02,33398.12109375
2025-12-15,11337.0,11453.0,11423.00280822397,11446.915,12102.595703125,16905.0,17247.0,17006.307013708083,16887.607,17158.263671875,14404.0,15142.0,14824.628788856411,14953.119,17451.439453125,32668.0,31446.0,32197.55139847437,31445.287,33203.48828125
2025-12-16,11273.0,11337.0,11258.716775449619,11163.868,11771.333984375,16628.0,16905.0,16621.969246110028,16550.936,16565.3125,13812.0,14404.0,14099.991482401323,14339.552,16764.34765625,32999.0,32668.0,33889.18641058103,32686.346,35638.46875
2025-12-17,11117.0,11273.0,11152.535820204437,11174.665,11292.0751953125,16388.0,16628.0,16383.540193814675,16383.169,16478.5234375,13019.0,13812.0,13696.140488808418,13785.366,16375.7783203125,31567.0,32999.0,33296.82700600243,32605.168,34299.515625
2025-12-18,10920.0,11117.0,11037.546733672616,11088.854,10852.115234375,15976.0,16388.0,16085.608192650132,16128.745,16449.279296875,12643.0,13019.0,12764.528090722168,13023.775,16070.06640625,31463.0,31567.0,30891.313293950716,30275.682,32872.9140625
2025-12-19,10886.0,10920.0,10804.886628168366,11030.09,10989.1025390625,15553.0,15976.0,15620.983075505643,15697.36,16189.826171875,11701.0,12643.0,12523.750084257368,12666.826,15660.1142578125,31034.0,31463.0,31898.933333184206,31461.617,32220.671875
2025-12-22,10511.0,10886.0,10759.03115970597,11086.719,10687.6357421875,15045.0,15553.0,15187.301362089567,15324.113,15978.5400390625,11475.0,11701.0,11465.180726383425,11969.961,15201.5009765625,29954.0,31034.0,31019.09427670623,30494.268,31633.9375
2025-12-23,10426.0,10511.0,10286.180140488916,10435.12,10378.337890625,14623.0,15045.0,14672.304078349309,14879.543,15092.634765625,11001.0,11475.0,11609.504454321885,11424.448,14796.541015625,29300.0,29954.0,29172.898820127673,28975.504,29838.615234375
2025-12-24,9401.0,10426.0,10318.677794946452,10440.332,10437.5634765625,12852.0,14623.0,14345.310442745209,14191.981,15060.61328125,11047.0,11001.0,11044.659998685824,10777.528,14951.310546875,28405.0,29300.0,29247.838904624994,28828.186,29658.890625
2026-01-05,9252.0,9401.0,9079.319577884413,9400.462,10276.2001953125,12603.0,12852.0,12131.714356963363,12892.216,14083.384765625,11540.0,11047.0,11200.404420735347,10928.145,14421.38671875,28564.0,28405.0,27567.884783643225,27752.334,29021.818359375
2026-01-06,9047.0,9252.0,9380.147817660967,9208.91,10721.6806640625,12392.0,12603.0,12558.592913785124,12478.683,14367.9765625,11911.0,11540.0,11886.233832157695,11761.259,14651.103515625,27901.0,28564.0,28786.018038097907,28287.656,27542.884765625
2026-01-07,8920.0,9047.0,9133.522533385469,9093.877,10611.3515625,12280.0,12392.0,12284.95362405396,12056.474,14149.9013671875,12211.0,11911.0,12220.410816485442,12032.138,14822.5068359375,27173.0,27901.0,27293.23613339528,27865.355,27321.5703125
2026-01-08,8906.0,8920.0,9072.866609653449,8826.334,10327.8896484375,12239.0,12280.0,12222.298163353269,12085.116,13788.314453125,12305.0,12211.0,12473.563046814841,12393.746,15220.302734375,26375.0,27173.0,26319.799165528908,27046.127,27871.0
2026-01-09,8895.0,8906.0,8937.324729132535,8837.743,10812.3359375,12148.0,12239.0,12081.19830916537,12182.1875,14385.32421875,12338.0,12305.0,12389.785483042297,12400.672,15754.3369140625,25825.0,26375.0,25442.210926636577,26553.445,28002.0703125
2026-01-12,8867.0,8895.0,8986.860725091825,8884.134,10873.0458984375,12101.0,12148.0,12211.736450226104,11997.459,14893.32421875,12017.0,12338.0,12339.067830666012,12377.981,16037.1328125,25352.0,25825.0,24742.49250612765,25631.414,27802.689453125
2026-01-13,8815.0,8867.0,8936.445600308345,8790.954,11091.2412109375,12068.0,12101.0,12058.395834844974,12041.679,15171.0283203125,11885.0,12017.0,11742.134539951956,12159.751,16025.3662109375,24261.0,25352.0,24305.423786183597,25058.494,27860.396484375
2026-01-14,8726.0,8815.0,8893.758385196954,8790.954,10515.578125,12058.0,12068.0,12017.66683255159,12060.865,14347.1953125,12029.0,11885.0,11647.610480708081,11839.183,14566.5419921875,23206.0,24261.0,23150.671457911263,23183.184,26385.158203125
2026-01-15,8738.0,8726.0,8802.632894244281,8777.417,9972.9140625,12217.0,12058.0,12020.575846366728,12060.865,13567.580078125,12768.0,12029.0,11902.845289943729,12222.945,13954.5703125,22259.0,23206.0,22310.04570141301,22460.316,25144.017578125
2026-01-16,8729.0,8738.0,8915.617727892048,8839.648,9711.2578125,12251.0,12217.0,12315.791366512647,12333.363,12912.560546875,13139.0,12768.0,12919.194503226736,13085.402,14244.943359375,23076.0,22259.0,21593.162529207315,21688.646,22949.640625
2026-01-19,8727.0,8729.0,8854.471493037769,8803.3545,9114.349609375,12048.0,12251.0,12221.373475093947,12336.29,12380.943359375,13649.0,13139.0,13128.917032449448,13533.95,14110.001953125,24707.0,23076.0,23309.16704252305,23536.055,24285.017578125
2026-01-20,8833.0,8727.0,8747.091448191053,8794.124,9214.431640625,12531.0,12048.0,12042.723625873998,12080.301,12459.8173828125,14047.0,13649.0,13723.001080087568,13949.387,14938.3115234375,26276.0,24707.0,24749.62233923779,25737.201,26118.462890625
2026-01-21,8731.0,8833.0,9125.955290225584,8909.778,9711.3671875,12796.0,12531.0,12761.113476113876,12836.685,13280.58984375,14054.0,14047.0,14091.474122319774,14308.782,15435.93359375,27438.0,26276.0,26320.088897415,27385.746,26660.373046875
2026-01-22,8778.0,8731.0,8898.148787827839,8809.295,9743.3828125,13025.0,12796.0,12837.123506118221,13104.934,13789.33203125,13723.0,14054.0,13904.515015197918,14033.598,15976.4873046875,25730.0,27438.0,27452.605400533874,28773.564,27064.12890625
2026-01-23,8886.0,8778.0,8984.166590038616,8835.134,9436.244140625,13013.0,13025.0,13076.446152076762,13297.617,13634.671875,13707.0,13723.0,13475.221378581777,13613.403,15473.67578125,25823.0,25730.0,24574.946508975045,24728.744,26217.810546875
2026-01-26,8838.0,8886.0,9000.057286561572,8954.116,9547.1484375,13041.0,13013.0,12954.116032991526,13185.348,13785.44921875,13536.0,13707.0,13573.55100665267,13773.258,15524.7509765625,28026.0,25823.0,25864.503405983345,25502.488,24922.4609375
2026-01-27,8968.0,8838.0,9049.911671991387,8807.14,9552.5546875,13337.0,13041.0,13146.361576164241,13204.224,14208.044921875,13835.0,13536.0,13529.03956505331,13579.513,15713.0703125,31919.0,28026.0,28845.457554161207,29324.594,26506.4140625
2026-01-28,8981.0,8968.0,9299.540187057231,8969.809,9846.9638671875,13496.0,13337.0,13507.447664161875,13428.015,14593.5,14157.0,13835.0,14006.524773951205,14205.733,16107.8828125,31601.0,31919.0,32814.8773657975,33511.562,28246.671875
2026-01-29,9002.0,8981.0,9293.332705244577,9095.337,9656.615234375,13621.0,13496.0,13598.672422588217,13505.995,14439.19140625,14424.0,14157.0,14299.399646871796,14486.752,16096.3486328125,33544.0,31601.0,30555.792575773157,31431.438,26987.908203125
2026-01-30,9114.0,9002.0,9361.578222279306,9095.337,9598.126953125,13870.0,13621.0,13775.439063247146,13696.877,14737.65234375,14696.0,14424.0,14635.45117162944,14661.547,16531.4140625,34133.0,33544.0,34512.41073278103,34441.77,27195.41015625
2026-02-02,9119.0,9114.0,9436.868288851867,9217.553,10006.4296875,13952.0,13870.0,14033.321687143012,14034.668,15519.66796875,14742.0,14696.0,14827.623796308435,15050.418,17159.830078125,32797.0,34133.0,34115.675940322515,33952.383,27521.6953125
2026-02-03,9111.0,9119.0,9451.093991361602,9160.077,9810.98046875,13979.0,13952.0,14090.791534137148,13975.934,15721.8837890625,15028.0,14742.0,14934.2532730419,14869.691,17187.421875,29998.0,32797.0,31739.44169504119,31411.975,26004.53125
2026-02-04,9106.0,9111.0,9460.004497088612,9150.912,9733.060546875,14038.0,13979.0,14103.994712475622,13959.631,15245.845703125,14995.0,15028.0,15364.108412941627,15443.226,16799.880859375,29163.0,29998.0,27829.795102350025,27874.47,25279.689453125
2026-02-05,9089.0,9106.0,9328.64046355891,9171.119,9903.5625,14119.0,14038.0,14045.697748406315,14043.349,15570.2265625,14953.0,14995.0,15035.070162297458,15119.261,17061.7265625,28955.0,29163.0,28691.97911506734,28839.18,25398.650390625
2026-02-06,9024.0,9089.0,9328.286812797032,9171.119,9681.9453125,14131.0,14119.0,14199.34550454783,14179.349,15306.484375,14836.0,14953.0,15117.220919113113,14895.452,17007.546875,28992.0,28955.0,28706.484381172064,28507.932,26802.431640625
2026-02-09,8824.0,9024.0,9235.303181327025,9043.318,9656.615234375,14040.0,14131.0,14157.908623419717,14112.102,14865.841796875,14707.0,14836.0,14952.665764409627,14826.308,16368.80078125,27637.0,28992.0,28543.227918053584,28520.963,26822.2421875
2026-02-10,8866.0,8824.0,8963.349807918134,8778.545,9641.595703125,14177.0,14040.0,13977.30410642634,13927.232,14510.6494140625,14994.0,14707.0,14647.191277570253,14713.411,16146.65234375,27499.0,27637.0,26269.298019119386,27274.72,23885.060546875
2026-02-11,8901.0,8866.0,9033.56219722621,8846.817,9766.814453125,14387.0,14177.0,14246.00544925514,14239.185,14363.6376953125,16033.0,14994.0,15131.423927482687,15437.855,16329.3505859375,30052.0,27499.0,26823.460949754764,27973.68,25759.91796875
2026-02-12,8955.0,8901.0,9124.688134527036,8934.636,9742.4970703125,14835.0,14387.0,14442.378466865921,14588.553,14578.01953125,16334.0,16033.0,16655.450950028946,16450.172,17393.21484375,32275.0,30052.0,30756.00675279137,31190.406,28962.779296875
2026-02-13,9112.0,8955.0,9176.572498637426,8963.857,9746.15234375,14816.0,14835.0,14916.683294820617,15125.89,14934.8740234375,17067.0,16334.0,16518.16640670719,16253.748,17463.533203125,30625.0,32275.0,32179.56531300697,33149.39,30375.14453125
2026-02-19,9158.0,9112.0,9190.148426451684,9245.018,9422.9755859375,14723.0,14816.0,14707.859662183755,14795.22,14343.50390625,17519.0,17067.0,17316.217816789605,17204.541,17118.703125,30269.0,30625.0,28595.919088437844,29471.072,25752.6328125
2026-02-20,9313.0,9158.0,9278.729302136446,9204.874,9547.291015625,14902.0,14723.0,14666.706395805826,14673.008,14727.88671875,17566.0,17519.0,17626.444240908855,17811.59,17414.333984375,30966.0,30269.0,29775.71421312614,29330.418,26826.076171875
2026-02-23,9340.0,9313.0,9477.793009364968,9409.652,10026.4052734375,15156.0,14902.0,14907.08955679284,15115.36,15334.5341796875,17502.0,17566.0,17434.601542512904,17642.727,17513.439453125,32203.0,30966.0,30789.915320770808,31612.799,26706.4609375
2026-02-24,9638.0,9340.0,9582.36062420049,9358.462,10124.77734375,15502.0,15156.0,15181.387908516364,15286.675,15651.306640625,17838.0,17502.0,17326.683170521654,17554.94,17639.275390625,31892.0,32203.0,31940.646878914697,33210.844,30072.69921875
2026-02-25,9946.0,9638.0,9995.717095664295,9809.881,10400.1171875,15899.0,15502.0,15551.633377803608,15710.226,16222.810546875,17998.0,17838.0,17822.79018656762,18120.69,18423.404296875,30748.0,31892.0,30678.297948030093,31938.85,28180.16015625
2026-02-26,10385.0,9946.0,10284.128569541615,10114.478,10572.2109375,16577.0,15899.0,16050.589062672463,16074.581,16653.583984375,18306.0,17998.0,17849.635413230546,18035.3,18741.7109375,30951.0,30748.0,29728.380908582083,30329.764,27541.578125
2026-02-27,10925.0,10385.0,10878.555447714443,10652.785,11182.732421875,17372.0,16577.0,16957.327792183667,16770.262,17907.470703125,18578.0,18306.0,18404.766078453275,18478.678,19620.001953125,32184.0,30951.0,30821.71975646088,31479.643,28138.89453125
2026-03-03,11262.0,10925.0,11656.418215983478,11184.899,12254.83203125,17891.0,17372.0,17933.650909179923,17526.887,18763.888671875,19296.0,18578.0,18947.30588961139,18867.42,19740.06640625,33147.0,32184.0,32033.170190337463,33240.695,29174.271484375
2026-03-04,11402.0,11262.0,11979.690831480682,11421.964,13482.591796875,18097.0,17891.0,18209.76083557482,18252.97,20449.62890625,19608.0,19296.0,19709.859691199388,19891.586,20875.388671875,32728.0,33147.0,32325.88423974947,34294.26,31735.4921875
2026-03-05,11589.0,11402.0,11887.00999357875,11289.52,15294.6640625,18150.0,18097.0,18103.711549969557,18116.854,21577.95703125,19515.0,19608.0,19490.648086426663,19720.586,21923.6640625,30556.0,32728.0,31428.269355981385,32221.158,30143.814453125
2026-03-06,11364.0,11589.0,11916.187007504897,11659.253,15729.736328125,17777.0,18150.0,17993.203832469113,17935.025,20947.8359375,19350.0,19515.0,19053.30797323084,19379.254,21242.955078125,26618.0,30556.0,28984.056592843073,29539.586,26920.5859375
2026-03-09,11254.0,11364.0,11698.857090314445,11177.429,16279.767578125,17399.0,17777.0,17560.366342145735,17684.113,21265.087890625,18792.0,19350.0,19034.98925553671,19183.875,20577.115234375,28919.0,26618.0,24257.191157519264,25353.87,26482.615234375
2026-03-10,11091.0,11254.0,11520.662334117822,11164.249,16660.75390625,16854.0,17399.0,17030.22365172016,17189.637,22501.54296875,18485.0,18792.0,18483.57781209959,18581.79,21469.5078125,25695.0,28919.0,30499.672580335682,29795.59,27817.326171875
2026-03-11,10990.0,11091.0,11266.82142539143,11021.253,15440.1728515625,16637.0,16854.0,16428.0136190704,16575.055,20787.015625,18401.0,18485.0,18143.33869959332,18117.674,19536.451171875,25875.0,25695.0,23859.350572747462,24160.348,24341.576171875
2026-03-12,10895.0,10990.0,11252.696845440536,11036.938,14030.177734375,16433.0,16637.0,16440.376056911853,16487.121,18876.255859375,18369.0,18401.0,18405.486942427706,18152.08,18874.24609375,27234.0,25875.0,27046.74120845212,25445.246,23661.70703125
2026-03-13,10914.0,10895.0,11184.855918429008,11001.158,13113.4208984375,16341.0,16433.0,16200.397282691265,16174.855,18155.232421875,18257.0,18369.0,18485.074339395087,18169.592,18559.115234375,29021.0,27234.0,28584.496289860574,28167.867,25302.919921875
2026-03-16,10891.0,10914.0,11276.94589367106,11083.251,12931.8125,16045.0,16341.0,16194.132007006872,16198.199,17901.72265625,18358.0,18257.0,18185.91381228554,18123.629,18370.48828125,29291.0,29021.0,30083.53238069651,29690.719,26613.798828125
2026-03-17,10755.0,10891.0,11287.134684676428,11053.419,12210.5732421875,15885.0,16045.0,15891.388527744477,15896.003,17451.32421875,18532.0,18358.0,18698.116780429904,18233.006,17722.703125,28761.0,29291.0,29150.411075558528,29078.941,25198.783203125
2026-03-18,10647.0,10755.0,11151.827930068956,10800.038,12094.1376953125,15604.0,15885.0,15806.05390961975,15833.005,17157.359375,18547.0,18532.0,18746.9962159509,18747.518,17895.181640625,29539.0,28761.0,28936.231717957566,28318.574,26076.625
2026-03-19,10587.0,10647.0,11029.962946710231,10604.971,11390.4970703125,15461.0,15604.0,15392.185304875818,15513.973,16829.150390625,18607.0,18547.0,18631.48657288144,18726.28,17641.919921875,29453.0,29539.0,30364.290246725646,29586.225,26034.62890625
2026-03-20,10579.0,10587.0,11036.64878850931,10544.11,11465.427734375,15278.0,15461.0,15359.132317571384,15319.218,16848.294921875,18498.0,18607.0,18667.694405500933,18742.76,17587.201171875,29446.0,29453.0,29556.4258550144,29191.062,26818.083984375
2026-03-23,10591.0,10579.0,11009.065505743696,10550.308,11689.0498046875,15176.0,15278.0,15160.898753945865,15111.28,17420.5078125,18386.0,18498.0,18499.81333739045,18525.785,17437.232421875,29162.0,29446.0,29516.417301042187,29241.074,26387.90625
2026-03-24,10581.0,10591.0,11030.932960594922,10574.464,11638.9541015625,15183.0,15176.0,15194.758875790405,15088.558,16813.76953125,18208.0,18386.0,18513.699867320254,18143.2,17169.751953125,28484.0,29162.0,29063.16210540772,28852.664,25049.17578125
2026-03-25,10577.0,10581.0,11041.662788174459,10550.308,11650.37109375,15115.0,15183.0,15165.413661590877,15141.795,17049.60546875,17697.0,18208.0,18101.536665686217,18086.55,17355.82421875,29234.0,28484.0,28539.56457518321,28236.988,25176.158203125
2026-03-26,10621.0,10577.0,11096.80041942152,10550.308,11515.6328125,15053.0,15115.0,15151.712854543965,15084.403,16634.466796875,17445.0,17697.0,17643.27950573992,17488.785,16740.978515625,30380.0,29234.0,30195.83883987934,29184.75,25045.076171875
2026-03-27,10643.0,10621.0,10996.476301551464,10574.464,11275.7353515625,15112.0,15053.0,15001.977681841843,15082.792,15914.6904296875,17255.0,17445.0,17457.128555815638,17328.154,16070.451171875,30678.0,30380.0,31244.968046645023,30037.508,25887.65625
2026-03-30,10748.0,10643.0,11048.692235168432,10590.156,11729.1513671875,14713.0,15112.0,15115.879529920847,15188.968,16632.08984375,16791.0,17255.0,17271.762215858333,17170.531,16379.755859375,30301.0,30678.0,31026.69964840948,30603.215,25434.08203125
2026-03-31,10772.0,10748.0,11239.81446724837,10808.051,12601.59765625,14617.0,14713.0,14640.520324114192,14599.347,17480.3515625,16864.0,16791.0,16938.205245124187,16594.076,16298.068359375,29949.0,30301.0,30902.415345859736,29185.238,24337.193359375
2026-04-01,10898.0,10772.0,11139.399744628327,10760.299,12803.90234375,14845.0,14617.0,14591.744529253734,14400.281,17503.029296875,16832.0,16864.0,16840.8306136953,16827.979,17080.591796875,30676.0,29949.0,30527.66253392953,29068.812,24820.126953125
2026-04-02,11043.0,10898.0,11271.00218219507,11092.752,11737.44140625,15072.0,14845.0,14923.379745255508,15106.224,16030.888671875,16698.0,16832.0,16907.280602832634,16940.695,16616.818359375,31246.0,30676.0,31684.721064596553,31540.69,24509.271484375
2026-04-03,11152.0,11043.0,11361.774475338183,11102.3,11676.1865234375,14740.0,15072.0,15018.527273748077,15271.583,15957.1728515625,16701.0,16698.0,16621.66658934228,16630.07,16617.41015625,31194.0,31246.0,31859.780444973803,31887.727,25275.375
2026-04-06,11185.0,11152.0,11204.747870702107,11175.776,11103.8271484375,14948.0,14740.0,14517.627982613558,14581.55,15806.6435546875,16961.0,16701.0,16626.290694883683,16594.959,16161.4384765625,31664.0,31194.0,31114.662312164633,31135.764,25667.72265625
2026-04-07,11240.0,11185.0,11427.943029484939,11203.7705,11337.576171875,15211.0,14948.0,15033.889655929883,15065.36,15994.8984375,17136.0,16961.0,17060.48488564858,17042.84,16864.755859375,33503.0,31664.0,32334.398826408582,32252.566,25877.28515625
2026-04-08,11414.0,11240.0,11677.73487066677,11235.766,11400.408203125,15469.0,15211.0,15296.570247201736,15282.872,16495.66796875,17465.0,17136.0,17302.23030164825,17126.861,17356.75390625,32658.0,33503.0,34701.55770857299,34581.785,26756.994140625
2026-04-09,11531.0,11414.0,11859.966484511522,11294.072,11125.3876953125,15859.0,15469.0,15562.620144164921,15491.795,16702.447265625,17636.0,17465.0,17783.949446344304,17596.732,17107.333984375,32663.0,32658.0,32045.66736665283,32024.451,27688.40625
2026-04-10,11598.0,11531.0,11964.220860742495,11563.864,11422.39453125,15950.0,15859.0,15918.385226994318,16028.539,17026.537109375,17696.0,17636.0,17701.854106429433,17593.973,18156.12109375,33455.0,32663.0,33125.07142813741,32634.738,27952.20703125
2026-04-13,11802.0,11598.0,12162.833522993744,11504.326,11557.681640625,16208.0,15950.0,16191.706636061928,15856.779,17342.306640625,17955.0,17696.0,18035.34541607529,17675.266,17132.197265625,35129.0,33455.0,33808.673209694505,34110.08,28170.06640625
2026-04-14,11971.0,11802.0,12327.936041593475,11851.686,11517.19140625,16552.0,16208.0,16369.145162340787,16213.974,17652.166015625,18481.0,17955.0,18085.556893234556,18106.68,18174.791015625,38010.0,35129.0,35509.744860652936,35709.848,30034.603515625
2026-04-15,12225.0,11971.0,12471.004962270898,12053.374,11644.42578125,17096.0,16552.0,16737.48866503898,16592.285,18034.583984375,19021.0,18481.0,18686.76686357327,18793.686,18720.154296875,40206.0,38010.0,38531.91159988859,39399.523,30963.4765625
2026-04-16,12432.0,12225.0,12801.788749901305,12463.893,11559.4140625,17476.0,17096.0,17426.46868615968,17475.082,18421.376953125,19282.0,19021.0,19439.114356877653,19400.906,18920.939453125,39545.0,40206.0,40705.97561307959,40751.707,33462.7265625
2026-04-17,12558.0,12432.0,12848.681413134897,12546.74,12719.0478515625,17539.0,17476.0,17511.126539617962,17565.418,19467.662109375,19223.0,19282.0,19298.31808765021,19836.656,20194.13671875,40699.0,39545.0,39093.1755744227,38574.37,34687.8515625
2026-04-20,13018.0,12558.0,12948.789770507094,12533.537,12283.6513671875,17827.0,17539.0,17613.139095657934,17258.156,19542.6640625,19679.0,19223.0,19195.8436051076,19653.754,20087.55859375,42541.0,40699.0,41376.66591937116,41544.297,36805.59375
2026-04-21,13243.0,13018.0,13366.726012252922,12936.493,12825.5302734375,18374.0,17827.0,17964.717665668482,17999.03,20446.8828125,19670.0,19679.0,19796.523178432384,20087.182,21149.02734375,42359.0,42541.0,42847.25328336704,43890.86,40008.2734375
2026-04-22,13499.0,13243.0,13668.007452107522,13536.208,13518.970703125,19061.0,18374.0,18570.67254027873,18659.422,20923.611328125,19857.0,19670.0,19608.88082712939,19757.047,21089.04296875,43189.0,42359.0,41470.887559904964,41653.156,38113.203125
2026-04-23,13684.0,13499.0,14094.709985675267,13627.3955,15028.275390625,19509.0,19061.0,19349.767858310042,19320.838,21962.890625,19817.0,19857.0,20037.738980638034,19996.525,21701.77734375,42527.0,43189.0,43141.052019734314,43661.492,41220.98828125
2026-04-24,13812.0,13684.0,14143.820110730774,13854.363,16777.193359375,19644.0,19509.0,19595.843850723493,19632.83,23600.716796875,19862.0,19817.0,19762.638947777577,19822.96,22701.97265625,42039.0,42527.0,41995.40282567142,42602.445,43095.3359375
2026-04-27,13983.0,13812.0,14185.932023717509,13843.791,17318.25,19621.0,19644.0,19669.770069106915,19508.014,23067.962890625,19950.0,19862.0,19702.711214105082,19895.555,22298.1640625,42658.0,42039.0,41229.41356393325,41373.81,40320.59375
2026-04-28,13946.0,13983.0,14206.042569816927,13840.236,18121.119140625,19530.0,19621.0,19570.964724783367,19393.982,24951.251953125,20023.0,19950.0,19900.746941917576,19895.555,23292.392578125,42716.0,42658.0,42066.27568326628,44296.336,42043.14453125
2026-04-29,14014.0,13946.0,14191.354825883333,13691.149,19265.33203125,19519.0,19530.0,19440.629564228682,19161.627,25837.943359375,20046.0,20023.0,20030.599889004166,19927.273,24053.08203125,42350.0,42716.0,41848.335752854284,43201.04,42331.859375
2026-04-30,13984.0,14014.0,14300.302455028219,13701.947,19387.369140625,19255.0,19519.0,19392.07997114678,19122.982,25746.78125,20559.0,20046.0,19996.86336876782,20100.484,24424.552734375,46579.0,42350.0,41854.6465663093,42351.074,42140.26171875
2026-05-06,14069.0,13984.0,14284.15212018206,13689.038,19506.630859375,19340.0,19255.0,19121.336822749625,18929.873,24945.08203125,20966.0,20559.0,20818.906585636814,20830.924,24749.65234375,49638.0,46579.0,48100.65722148171,47193.984,45990.34375
2026-05-07,14182.0,14069.0,14466.098670592739,13722.425,18492.14453125,19443.0,19340.0,19318.61689677452,19084.535,24257.80859375,21856.0,20966.0,21131.950379118873,21539.223,24401.4375,49612.0,49638.0,50022.06198371115,48342.47,45463.09375
2026-05-08,14268.0,14182.0,14463.172780574048,13996.299,18275.49609375,19482.0,19443.0,19422.51311169427,19413.365,25000.79296875,22034.0,21856.0,22149.689772497775,22181.768,25450.291015625,47679.0,49612.0,48937.44892106772,48368.52,45488.2421875
2026-05-11,14380.0,14268.0,14500.25392403115,13951.933,17495.142578125,19721.0,19482.0,19386.306256588836,19400.094,24291.59375,22807.0,22034.0,21828.753656305722,22283.502,24812.66015625,48969.0,47679.0,46506.29701484457,44176.855,44164.203125
2026-05-12,14466.0,14380.0,14686.587230110745,14079.532,17318.962890625,19733.0,19721.0,19732.563105937516,19814.348,25070.4609375,23354.0,22807.0,22934.006271147824,23054.316,25436.34765625,49043.0,48969.0,49769.33839332001,48040.94,45898.8984375
2026-05-13,14527.0,14466.0,14701.996552272842,14042.837,17999.947265625,19724.0,19733.0,19599.9426610141,19618.984,25628.171875,23680.0,23354.0,23213.320700260003,23760.102,25897.34765625,51659.0,49043.0,48075.99772271204,47845.055,44423.53125
2026-05-14,14670.0,14527.0,14713.333631349355,14069.308,18519.0703125,19817.0,19724.0,19567.771556988966,19618.984,25778.626953125,23787.0,23680.0,23408.175822718076,24010.857,26086.80078125,50392.0,51659.0,51554.24589871745,50344.508,46082.96875
2026-05-15,14735.0,14670.0,14882.433955665592,14681.698,19555.966796875,19923.0,19817.0,19714.754193908044,19654.746,26765.046875,23957.0,23787.0,23324.53987393727,23790.814,25904.4140625,49781.0,50392.0,48350.98297305744,49746.855,45202.0390625
2026-05-18,14642.0,14735.0,14990.477219895622,14899.958,18078.88671875,20086.0,19923.0,19886.053653415052,19710.887,25370.3515625,23786.0,23957.0,23718.019263585567,23850.527,24456.353515625,48014.0,49781.0,48534.59927102223,49674.355,40638.26953125
2026-05-19,14616.0,14642.0,14836.959896104652,15588.55,20127.1640625,20017.0,20086.0,19914.359116358573,20136.146,27034.12890625,23555.0,23786.0,23219.55720314754,23455.303,24988.224609375,47845.0,48014.0,46361.2792159935,44192.203,42317.29296875
2026-05-20,14680.0,14616.0,14795.3803926007,15592.889,20242.3046875,20076.0,20017.0,19810.65608431934,19990.283,26794.369140625,22560.0,23555.0,23042.042632219986,23014.064,24980.921875,47451.0,47845.0,47164.12910642849,44214.754,42741.6328125
2026-05-21,14659.0,14680.0,14856.973437618683,15620.6,20177.259765625,20111.0,20076.0,19820.544399587867,19974.723,25742.35546875,21714.0,22560.0,21705.029154393338,22026.586,23932.55859375,46724.0,47451.0,46380.832771456626,43711.52,39532.28125
2026-05-22,14675.0,14659.0,14699.84850170287,15517.783,20562.04296875,20170.0,20111.0,19817.234641982704,19969.387,25726.771484375,21686.0,21714.0,20949.880046918337,21494.756,23924.33984375,48850.0,46724.0,45683.69503110098,43621.08,42073.2421875
2026-05-26,14723.0,14675.0,14839.611819031048,15570.488,20453.53125,20198.0,20170.0,20028.840278213844,19999.525,24991.60546875,22277.0,21686.0,21523.406890154212,21982.855,24507.697265625,50608.0,48850.0,48752.66050318771,46728.39,45036.0390625
2026-05-27,14564.0,14723.0,14888.803325988913,15618.803,19914.3359375,20066.0,20198.0,19990.065581409577,20007.18,24728.693359375,22550.0,22277.0,22323.282320458027,22831.389,25262.541015625,51728.0,50608.0,50068.88841502866,48811.61,46605.4453125
2026-05-28,14486.0,14564.0,14707.996187488743,15549.335,19332.138671875,19983.0,20066.0,19795.000356809425,19971.69,23771.447265625,22885.0,22550.0,22383.211856066577,22772.607,25099.421875,53842.0,51728.0,50869.61553498755,51099.5,45647.8359375
2026-05-29,14458.0,14486.0,14559.26998966978,15022.334,19461.58203125,19976.0,19983.0,19634.27148817847,19980.893,24890.994140625,22964.0,22885.0,22771.20951066177,22875.385,26221.10546875,51801.0,53842.0,53828.3384592825,55332.61,46881.17578125
2026-06-01,14479.0,14458.0,14572.665030926482,14827.407,17997.498046875,20001.0,19976.0,19639.154290828053,19999.098,24428.38671875,22929.0,22964.0,22611.435914573285,23247.898,25113.9609375,53189.0,51801.0,49888.63273774598,51826.99,43484.19140625
2026-06-02,14540.0,14479.0,14666.638433595022,14587.083,17894.669921875,20075.0,20001.0,19752.674663299375,19972.002,24656.0859375,22278.0,22929.0,22734.554954996143,22540.12,25692.611328125,50481.0,53189.0,53450.727108210296,54361.35,47903.04296875
2026-06-04,14810.0,14540.0,14682.246446618825,15120.221,17835.763671875,20105.0,20075.0,19733.144877178253,19951.105,24003.771484375,21827.0,22278.0,21662.907167674544,22017.83,24508.3203125,47893.0,50481.0,48486.896776805,51773.13,45260.453125
2026-06-05,14701.0,14810.0,14908.631700256494,15371.653,18534.455078125,20077.0,20105.0,19797.8066507723,19960.025,24926.1328125,21103.0,21827.0,21266.424211878846,21530.766,24118.521484375,47053.0,47893.0,46796.75219998632,47669.793,40022.63671875
2026-06-08,14602.0,14701.0,14980.724376560971,15378.04,18686.560546875,20253.0,20077.0,19954.281295076806,19951.105,23331.115234375,20496.0,21103.0,20609.268381328835,21165.188,23592.60546875,44848.0,47053.0,46648.83850088225,46413.08,42704.04296875
2026-06-09,14610.0,14602.0,14886.550609616066,15393.588,19660.537109375,20380.0,20253.0,20050.81598645119,20012.021,24591.77734375,20090.0,20496.0,19877.61753326819,20038.045,23248.166015625,42416.0,44848.0,44027.224594819454,42386.555,37865.86328125
2026-06-10,14718.0,14610.0,14970.884250343437,15435.335,19785.400390625,20500.0,20380.0,20244.13471005094,19926.932,24624.302734375,20497.0,20090.0,19636.629442309197,19742.467,23002.1328125,41319.0,42416.0,41276.51705413581,40403.098,36312.46875
2026-06-11,14870.0,14718.0,15007.167658608245,15516.278,18745.828125,20648.0,20500.0,20387.828025553907,20055.705,23853.2109375,20652.0,20497.0,20607.427253590973,20659.898,23009.935546875,39530.0,41319.0,41090.4159963667,41138.684,36893.6171875
2026-06-12,14888.0,14870.0,15030.674863145536,15521.583,19044.12890625,20701.0,20648.0,20449.61013766327,20267.576,24411.6171875,20814.0,20652.0,20563.80464068734,20552.836,23428.919921875,39851.0,39530.0,39099.971597260184,37688.305,36998.27734375
2026-06-15,14974.0,14888.0,15124.320977405316,15484.875,19579.94140625,20841.0,20701.0,20573.071975681,20197.762,25284.91015625,20785.0,20814.0,20924.638214729322,21228.607,23573.298828125,39212.0,39851.0,40135.62194912997,38976.527,39031.4609375
2026-06-16,15040.0,14974.0,15248.93700668679,15629.397,19950.41015625,21091.0,20841.0,20667.56069616193,20849.934,25430.669921875,20391.0,20785.0,20788.514352816837,21157.758,23555.0390625,37770.0,39212.0,38747.66304440301,37975.402,37286.2265625
2026-06-17,15041.0,15040.0,15306.67827808195,15626.72,20823.7734375,21379.0,21091.0,20878.9187347402,20882.05,26052.650390625,19861.0,20391.0,20177.82675503599,20089.309,23952.34765625,37828.0,37770.0,36938.198832224865,36593.457,37986.64453125
2026-06-18,15090.0,15041.0,15339.622607325207,15603.11,20828.37890625,21370.0,21379.0,21185.724370505326,20837.9,25820.900390625,19134.0,19861.0,19742.29894350333,19562.889,23611.578125,38550.0,37828.0,38080.81293937717,36991.918,37500.15234375
2026-06-19,15114.0,15090.0,15302.889870133129,15934.678,21237.4453125,21432.0,21370.0,21051.30442254294,20579.527,26221.533203125,19155.0,19134.0,18828.63005566342,18878.836,24025.44921875,40734.0,38550.0,39211.318538422696,38203.742,42018.97265625
2026-06-22,15152.0,15114.0,15281.047351747415,16336.371,21748.03515625,21375.0,21432.0,21386.843575209234,20895.494,26874.375,18363.0,19155.0,19120.916166121962,19276.074,24906.80078125,40316.0,40734.0,40825.423785464445,41331.508,46117.3046875
2026-06-23,15248.0,15152.0,15321.943694226318,15950.778,20514.9921875,21500.0,21375.0,21054.183708260076,20519.277,25122.603515625,18108.0,18363.0,17920.7388666562,18241.69,24071.890625,39361.0,40316.0,39795.31374398655,39694.832,41305.1328125
2026-06-24,15333.0,15248.0,15518.784702488443,16326.554,20251.25,21553.0,21500.0,21338.569860279466,20955.297,24852.53515625,18396.0,18108.0,18090.251323952023,17993.508,23753.64453125,38242.0,39361.0,39408.3011824609,37555.863,43284.0625
2026-06-25,15276.0,15333.0,15573.844872615393,16292.178,20357.51953125,21396.0,21553.0,21319.636680983083,20861.398,25155.908203125,18555.0,18396.0,18720.424014541444,18654.979,24450.703125,36653.0,38242.0,38587.638946228144,37280.06,39934.546875
2026-06-26,15304.0,15276.0,15423.020067472966,16232.245,20953.4609375,21251.0,21396.0,21050.038702890473,20843.498,25741.322265625,18589.0,18555.0,18539.16664805196,18907.246,24943.015625,35302.0,36653.0,36664.40257215018,35178.297,43076.76953125
2026-06-29,15363.0,15304.0,15505.7537732646,15930.619,20187.322265625,21082.0,21251.0,20989.10377932772,20538.191,24839.509765625,18786.0,18589.0,18633.44605135558,18929.256,24146.255859375,35191.0,35302.0,34999.10581863292,34788.574,37391.5625
2026-06-30,15257.0,15363.0,15523.565239532778,15935.134,20158.49609375,20907.0,21082.0,20838.9270304058,20598.549,24846.70703125,19101.0,18786.0,19030.343298566233,19024.691,24494.9609375,35212.0,35191.0,36131.19956988404,35409.457,40370.0703125
2026-07-01,15040.0,15257.0,15335.084468026003,15883.2705,19791.78515625,21033.0,20907.0,20700.360295327046,20598.549,24471.681640625,19185.0,19101.0,19362.484586323444,19243.621,25033.490234375,36926.0,35212.0,35697.41264106922,35028.168,39926.32421875
2026-07-02,14968.0,15040.0,15086.430804823609,15565.517,19412.525390625,21110.0,21033.0,20778.302403313533,20731.168,24231.8359375,19399.0,19185.0,19151.88878017234,19278.916,25011.59765625,38966.0,36926.0,37893.43268548866,37217.03,41766.3046875
2026-07-03,14914.0,14968.0,15007.007008472761,15564.472,19265.0390625,21089.0,21110.0,20825.050633971452,20655.725,24554.771484375,19728.0,19399.0,19434.546475430565,19768.316,25289.13671875,40450.0,38966.0,39657.89487660154,38821.965,45629.67578125
2026-07-06,14859.0,14914.0,14792.385172748736,15625.653,19158.7734375,21124.0,21089.0,20924.960652350816,20655.725,24285.875,19951.0,19728.0,19659.55530630704,19889.93,25526.923828125,43934.0,40450.0,39914.3859182367,41069.6,48128.453125
2026-07-07,14821.0,14859.0,14873.538176752581,15606.068,18828.298828125,21112.0,21124.0,20855.336230482804,20655.725,24597.173828125,20099.0,19951.0,20002.03164184063,19909.07,25608.80078125,44986.0,43934.0,45170.19686995138,44991.164,49141.86328125
2026-07-08,14736.0,14821.0,14853.583492362251,15610.088,18839.466796875,21109.0,21112.0,20807.64241949228,20655.725,25725.3203125,20247.0,20099.0,20039.12733833704,20044.943,25502.505859375,44116.0,44986.0,45074.74638137623,43729.547,52753.39453125
2026-07-09,14712.0,14736.0,14945.213398430033,15566.237,17612.216796875,21192.0,21109.0,20837.125089476503,20643.652,24340.6484375,20420.0,20247.0,20230.284706509035,20229.258,24523.365234375,44994.0,44116.0,43643.21745256483,42805.21,46445.97265625
2026-07-10,14609.0,14712.0,14928.41849791595,15603.837,17801.8671875,21130.0,21192.0,20977.077834967833,20736.229,25180.4609375,20611.0,20420.0,20471.44268295733,20435.404,24596.62109375,46133.0,44994.0,45802.16101298141,44147.47,48923.375
2026-07-13,14584.0,14609.0,14786.995278924132,15566.237,17279.921875,21312.0,21130.0,20903.160866191487,20724.557,24867.52734375,20687.0,20611.0,20640.708653783007,20604.13,23857.65625,46710.0,46133.0,46378.8506759004,47592.973,47743.3046875
2026-07-14,14695.0,14584.0,14908.030903799661,15614.297,17730.048828125,21378.0,21312.0,21170.880507047168,20859.113,25477.4609375,20875.0,20687.0,20737.89263821508,20506.615,23126.853515625,47056.0,46710.0,46312.862173118905,47244.23,48079.703125
2026-07-15,14638.0,14695.0,14947.02706657184,15712.235,18659.609375,21501.0,21378.0,21175.514498983364,20785.842,26009.927734375,20851.0,20875.0,20716.953898947027,21248.184,23251.5,45284.0,47056.0,46835.576301415625,48855.23,49126.08984375
2026-07-16,14676.0,14638.0,14808.538452016428,15920.812,17400.3125,21628.0,21501.0,21283.970152111517,21133.34,24864.408203125,20704.0,20851.0,20677.119539776482,21165.906,22731.861328125,40409.0,45284.0,44275.32759138095,46163.074,42617.91015625
2026-07-20,14583.0,14676.0,14907.345924850095,15852.805,18210.427734375,21467.0,21628.0,21428.072894621913,21017.809,25624.4453125,20366.0,20704.0,20382.03357042091,20974.627,22055.548828125,38045.0,40409.0,38107.08672073368,38271.996,39478.5078125
2026-07-21,14578.0,14583.0,14827.778373803914,15806.165,17591.80859375,21349.0,21467.0,21199.152373738805,20819.148,24409.775390625,19990.0,20366.0,20079.231651939193,20046.38,21237.31640625,39179.0,38045.0,37726.21440658127,35373.016,33066.34765625
2026-07-22,14492.0,14578.0,14756.581736781895,15457.19,18217.212890625,21120.0,21349.0,21065.304727929397,20491.314,25576.125,19526.0,19990.0,19814.688761594003,19568.703,22039.009765625,41084.0,39179.0,40557.35606682178,37743.75,39144.3515625
2026-07-23,14454.0,14492.0,14659.24188150128,15017.24,17969.7421875,20918.0,21120.0,20790.041318670024,20491.314,24909.58203125,19125.0,19526.0,19360.041949291324,19324.693,21997.67578125,42079.0,41084.0,42085.516016845555,40934.164,38653.5859375
2026-07-24,14457.0,14454.0,14659.958592558383,14808.349,17604.548828125,20688.0,20918.0,20560.849541094518,20464.293,23128.4765625,18930.0,19125.0,18952.48797678845,18981.162,21180.90625,42750.0,42079.0,42381.5502571574,41377.574,39345.7421875
2026-07-27,14466.0,14457.0,14591.350343581518,14261.523,17491.93359375,20426.0,20688.0,20302.02237608534,19895.203,21416.0625,18792.0,18930.0,18702.75434176185,18861.693,20767.701171875,41695.0,42750.0,43022.220229932485,43245.41,38630.875
2026-07-28,14280.0,14466.0,14539.235222265732,14289.634,16570.0078125,20108.0,20426.0,20118.201514618446,19672.566,20404.763671875,18832.0,18792.0,18658.107914871696,18918.46,20334.93359375,41049.0,41695.0,41344.18923322736,40260.848,38639.625
2026-07-29,14187.0,14280.0,14400.908752045472,14264.316,15319.287109375,19815.0,20108.0,19896.685094742403,19642.28,19830.125,18759.0,18832.0,18975.280170493945,18975.256,19515.12109375,39818.0,41049.0,41166.83905859804,40057.973,34961.79296875
2026-07-30,14157.0,14187.0,14286.199657106476,13746.798,14406.326171875,19724.0,19815.0,19539.404046016214,19174.633,19188.373046875,18998.0,18759.0,18841.710275776895,18921.852,19191.404296875,41882.0,39818.0,39508.28946527355,37314.75,32182.078125
2026-07-31,14058.0,14157.0,14307.518860805107,13772.554,14508.6591796875,19654.0,19724.0,19521.29773345692,19286.14,19027.583984375,19377.0,18998.0,19340.543028380136,19176.49,19407.1875,42915.0,41882.0,43548.21949329376,42086.66,37022.609375
2026-08-03,14070.0,14058.0,14191.004564104675,13756.988,14731.4130859375,19659.0,19654.0,19393.230563705503,19343.316,19109.908203125,19664.0,19377.0,19707.82113438377,20012.375,20100.666015625,46320.0,42915.0,42983.374180307495,44100.16,36273.296875
2026-08-04,14029.0,14070.0,14192.575393745408,13807.615,15414.8935546875,19607.0,19659.0,19474.6253300949,19343.316,20247.927734375,20023.0,19664.0,19844.978081531986,20048.484,21477.0625,47177.0,46320.0,47520.41517668494,48936.12,44937.0234375
2026-08-05,13956.0,14029.0,14157.422803398576,13717.463,14834.6328125,19518.0,19607.0,19435.253145372324,19125.877,20198.708984375,20193.0,20023.0,20133.39998489027,20168.639,21958.26953125,50202.0,47177.0,47075.29614052457,47663.188,43397.05078125
2026-08-06,13995.0,13956.0,14149.427849977492,13743.934,14223.876953125,19464.0,19518.0,19438.21597193601,19095.723,19717.220703125,20344.0,20193.0,20275.494945925762,20316.605,22090.12890625,49846.0,50202.0,51356.73739608662,52450.51,47114.38671875
2026-08-07,14066.0,13995.0,14159.913753313922,13692.399,14265.5576171875,19387.0,19464.0,19302.312339079806,19194.709,19800.333984375,20455.0,20344.0,20366.03122129095,20582.121,21881.1796875,50782.0,49846.0,49325.2691536301,53175.746,44652.84375
2026-08-10,14013.0,14066.0,14288.333751711525,13692.399,15052.376953125,19292.0,19387.0,19338.791447394666,18954.613,20063.876953125,20631.0,20455.0,20465.52769160804,20671.254,21854.890625,50324.0,50782.0,51304.44896583075,55163.906,47682.640625
2026-08-11,14051.0,14013.0,14217.95220262554,13668.243,15530.873046875,19288.0,19292.0,19189.30800929503,18947.414,20804.984375,20894.0,20631.0,20711.006400772207,20730.967,22271.966796875,49270.0,50324.0,49752.231720342075,54443.863,45741.5078125
2026-08-12,14054.0,14051.0,14331.019800134984,13692.399,15864.7978515625,19516.0,19288.0,19281.14682020359,19011.37,21827.880859375,20882.0,20894.0,21038.80857546715,21512.76,22317.97265625,46820.0,49270.0,48708.42763780115,55306.137,42873.3828125
2026-08-13,14092.0,14054.0,14356.897061663482,13667.283,16319.5888671875,19702.0,19516.0,19498.58005339925,19400.137,22217.73828125,20702.0,20882.0,20747.87720505826,21307.723,22242.90625,44654.0,46820.0,45776.61940314362,49213.586,40807.9453125
2026-08-14,14213.0,14092.0,14396.12342358238,13722.496,16435.748046875,19801.0,19702.0,19671.70217330269,19543.1,23134.73046875,20382.0,20702.0,20573.251691405316,21049.29,22205.669921875,45532.0,44654.0,44055.52510162286,43941.68,40046.4921875
2026-08-18,14262.0,14213.0,14566.790557752267,13778.517,17588.8125,19799.0,19801.0,19798.3198155502,19379.951,24258.7890625,20036.0,20382.0,20404.54188362714,20256.018,22560.283203125,44108.0,45532.0,46174.25068344528,47372.305,43817.53125
2026-08-19,14408.0,14262.0,14390.916879367629,13718.941,18235.9375,19869.0,19799.0,19555.893192906275,19268.648,23987.126953125,19757.0,20036.0,19695.369337438726,19935.951,22213.86328125,43618.0,44108.0,43276.82898938857,43954.387,43069.1015625
2026-08-20,14586.0,14408.0,14602.359517107107,13827.736,17989.08984375,19969.0,19869.0,19771.34073523904,19280.598,24464.337890625,19782.0,19757.0,19577.60487787138,19580.541,22534.494140625,44286.0,43618.0,43604.80737228281,44699.016,44015.5234375
2026-08-21,14750.0,14586.0,14845.214845539003,14965.286,18534.986328125,20190.0,19969.0,19869.333744256655,19855.16,25230.37109375,19875.0,19782.0,19722.798821225748,19823.816,23158.1875,45583.0,44286.0,44692.214137915,45728.547,46170.52734375
2026-08-24,14788.0,14750.0,15032.442776925158,15154.265,18321.4921875,20161.0,20190.0,20090.069762203948,19980.904,24553.875,20504.0,19875.0,19752.526008369987,19928.129,22957.29296875,46425.0,45583.0,45742.510018105124,48550.59,47082.8515625
2026-08-25,14795.0,14788.0,15006.674767382643,15354.841,17908.5390625,20247.0,20161.0,19965.493158005953,19836.357,24590.931640625,20817.0,20504.0,20581.08994843208,20785.963,23808.33984375,47491.0,46425.0,46110.28325947888,49506.56,45052.59375
2026-08-26,14803.0,14795.0,15042.29417566578,15341.941,17716.533203125,20317.0,20247.0,20118.95518793741,19923.936,24134.515625,20719.0,20817.0,20801.42772951117,21581.451,24701.30078125,50417.0,47491.0,47498.400690992064,49364.484,45904.546875
2026-08-27,15037.0,14803.0,14948.32940058808,15358.864,18670.1875,20584.0,20317.0,20157.507179734177,19831.113,26011.765625,21509.0,20719.0,20561.484738109826,21296.06,26401.708984375,50750.0,50417.0,51458.585269496194,53266.492,54272.984375
2026-08-28,15269.0,15037.0,15312.654617134145,15497.896,17739.466796875,20782.0,20584.0,20595.57626795563,20103.584,25832.783203125,21607.0,21509.0,21906.39179665063,21645.568,27185.53515625,52994.0,50750.0,50448.23055927547,53908.87,49317.05859375
2026-08-31,15268.0,15269.0,15547.619445017523,15828.975,18294.37109375,20849.0,20782.0,20768.238982618626,20332.227,26836.251953125,21930.0,21607.0,21717.906271475855,21415.684,27408.5078125,51849.0,52994.0,54061.561245836405,56220.273,52684.69140625
